species;plotID;80;86;94;100;106;115;125;128;135;142;150;157;164;169;176;183;189
Achillea millefolium;GW 1-7-2;;;;;;;;;;;;;;;;;
Agrostis capillaris;GW 1-7-2;;;;;;;;;;;;;;;;;
Agrostis gigantea;GW 1-7-2;;;;;;;;;;;;;;;;;
Agrostis stolonifera;GW 1-7-2;;;;;;;;;;;;;;;;;
Ajuga reptans;GW 1-7-2;;;;;;;;;;;;;;;;;
Alchemilla monticula;GW 1-7-2;;;;;;;;;;;;;;;;;
Alchemilla vulgaris;GW 1-7-2;;;;;;;;;;;;;;;;;
Alopecurus pratensis;GW 1-7-2;;;;;;;;;;;;;;;;;
Anthoxanthum odoratum;GW 1-7-2;;;;;;;;;;1;1;;1;1;;;
Arabidopsis thaliana;GW 1-7-2;;;;;;;;;;;;;;;;;
Arrhenatherum elatius;GW 1-7-2;;;;;;;;;;;;;;;;;
Bellis perennis;GW 1-7-2;;;;;;;;;;1;1;1;;;;;
Bistorta officianilis;GW 1-7-2;;;;;;;;;;;;;;;;;
Briza media;GW 1-7-2;;;;;;;;;;;;;;;;;
Cardamine amara;GW 1-7-2;;;;;;;;;;;;;;;;;
Cardamine hirsuta;GW 1-7-2;;;;;;;;;;;;;;;;;
Carex humilis;GW 1-7-2;;;;;;;;;;;;;;;;;
Carex montana;GW 1-7-2;;;;;;;;;;;;;;;;;
Carex spicata cf;GW 1-7-2;;;;;;;;;;;;;;;;;
Carex sylvatica;GW 1-7-2;;;;;;;;;;;;;;;;;
Carum carvi;GW 1-7-2;;;;;;;;;;;;;;;;;
Centaurea jacea;GW 1-7-2;;;;;;;;;;;;;;;;;
Cerastium holosteoides;GW 1-7-2;;;;;;;;;;;;;;;;;
Chaerophyllum temulum;GW 1-7-2;;;;;;;;;;;;;;;;;
Crepis aurea;GW 1-7-2;;;;;;;;;;;;;;;;;
Crepis biennis;GW 1-7-2;;;;;;;;;;;;;;;;;
Crocus albiflorus;GW 1-7-2;;;;;;;;;;;;;;;;;
Cynosurus cristatus;GW 1-7-2;;;;;;;;;;;;;;;;;
Dactylis glomerata;GW 1-7-2;;;;;;;;;;;;;;;;;
Daucus carota;GW 1-7-2;;;;;;;;;;;;;;;;;
Deschampsia flexuosa;GW 1-7-2;;;;;;;;;;;;;;;;;
Draba verna;GW 1-7-2;;;;;;;;;;;;;;;;;
Elymus caninus;GW 1-7-2;;;;;;;;;;;;;;;;;
Elymus repens;GW 1-7-2;;;;;;;;;;;;;;;;;
Equisetum arvense;GW 1-7-2;;;;;;;;;;;;;;;;;
Euphrasia stricta;GW 1-7-2;;;;;;;;;;;;;;;;;
Festuca pratensis;GW 1-7-2;;;;;;;;;;;;;;;;;
Festuca rubra;GW 1-7-2;;;;;;;;;;;;;;;;;
Filipendula ulmaria;GW 1-7-2;;;;;;;;;;;;;;;;;
Galium album;GW 1-7-2;;;;;;;;;;;;;;;;;
Geranium rotundifolium;GW 1-7-2;;;;;;;;;;;;;;;;;
Geum rivale;GW 1-7-2;;;;;;;;;;;;;;;;;
Geum urbanum;GW 1-7-2;;;;;;;;;;;;;;;;;
Glechoma hederacea;GW 1-7-2;;;;;;;;;;;;;;;;;
Helictotrichon pubescens;GW 1-7-2;;;;;;;;;;;;;2;3;;;
Heracleum sphondylium;GW 1-7-2;;;;;;;;;;;;;;;;;
Hieracium aurantiacum;GW 1-7-2;;;;;;;;;;;;;;;;;
Hieracium Macranthum;GW 1-7-2;;;;;;;;;;;;;;;;;
Hieracium pilosella ;GW 1-7-2;;;;;;;;;;;;;;;;;
Holcus lanatus;GW 1-7-2;;;;;;;;;;;;;;;;;
Hypochaeris radicata;GW 1-7-2;;;;;;;;;;;;;;;;;
Knautia arvensis;GW 1-7-2;;;;;;;;;;;;;;;;;
Lamium purpureum;GW 1-7-2;;;;;;;;;;;;;;;;;
Lathyrus pratensis;GW 1-7-2;;;;;;;;;;;;;;;;;
Leontodon autumnalis;GW 1-7-2;;;;;;;;;;;;;;;;;
Leontodon helveticus;GW 1-7-2;;;;;;;;;;;;;;;;;
Leontodon hispidus;GW 1-7-2;;;;;;;;;;;;;;;;;
Leucanthemum ircutianum;GW 1-7-2;;;;;;;;;;;;;;;;;
Lolium multiflorum;GW 1-7-2;;;;;;;;;;;;;;;;;
Lolium perenne;GW 1-7-2;;;;;;;;;;;;;;;;;
Lotus corniculatus;GW 1-7-2;;;;;;;;;;;;;;;;;
Luzula campestris;GW 1-7-2;;;;;;;;;;;;;;;;;
Lychnis flos-cuculi;GW 1-7-2;;;;;;;;;;;;;;;;;
Myosotis alpestris;GW 1-7-2;;;;;;;;;;;;;;;;;
Peucedanum oreoselinum;GW 1-7-2;;;;;;;;;;;;;;;;;
Phleum pratense;GW 1-7-2;;;;;;;;;;;;;;;;;
Phleum pratensis;GW 1-7-2;;;;;;;;;;;;;;;;;
Pilosella aurantiaca;GW 1-7-2;;;;;;;;;;;;;;;;;
Pilosella piloselloides;GW 1-7-2;;;;;;;;;;;;;;;;;
Pimpinella major;GW 1-7-2;;;;;;;;;;;;;;;;;
Pimpinella saxifraga;GW 1-7-2;;;;;;;;;;;;;;;;;
Plantago lanceolata;GW 1-7-2;;;;;;;;;;;;;;;3;5;5
Poa angustifolia;GW 1-7-2;;;;;;;;;;;;;;;;;
Poa pratense;GW 1-7-2;;;;;;;;;;;;;;;;;
Poa pratensis;GW 1-7-2;;;;;;;;;;;;;1;1;1;;
Poa trivalis ;GW 1-7-2;;;;;;;;;;;;;;;;;
Poa trivialis;GW 1-7-2;;;;;;;;;;;;;;;;;
Primula veris;GW 1-7-2;;;;;;;;;;;;;;;;;
Prunella vulgaris;GW 1-7-2;;;;;;;;;;;;;;;;;
Ranunculus acris;GW 1-7-2;;;;;;;;;;;2;4;1;;;;
Ranunculus bulbosus;GW 1-7-2;;;;;;;;;;;;;;;;;
Ranunculus ficaria;GW 1-7-2;;;;;;;;;;;;;;;;;
Ranunculus montanus;GW 1-7-2;;;;;;;;;;;;;;;;;
Ranunculus repens;GW 1-7-2;;;;;;;;;;;;;;;;;
Rhinanthus minor;GW 1-7-2;;;;;;;;;;;;;;;;;
Rumex acetosa;GW 1-7-2;;;;;;;;;;;2;2;;;;;
Rumex sanguineus;GW 1-7-2;;;;;;;;;;;;;;;;;
Silene alba;GW 1-7-2;;;;;;;;;;;;;;;;;
Silene flos-cuculi;GW 1-7-2;;;;;;;;;;;;;;;;;
Stellaria media;GW 1-7-2;;;;;;;;;;;;;;;;;
Taraxacum officinale;GW 1-7-2;;;;;;;;;;;;;;;;;
Taraxacum sect Ruderalia;GW 1-7-2;;;;;;;;;;;;;;;;;
Thlaspi arvense;GW 1-7-2;;;;;;;;;;;;;;;;;
Tragopodon pratensis;GW 1-7-2;;;;;;;;;;;;;;;;;
Trifolium dubium;GW 1-7-2;;;;;;;;;;;;;;;;;
Trifolium incarnatum;GW 1-7-2;;;;;;;;;;;;;;;;;
Trifolium medium;GW 1-7-2;;;;;;;;;;;;;;;;;
Trifolium pratense;GW 1-7-2;;;;;;;;;;;;4;8;2;1;;
Trifolium repens;GW 1-7-2;;;;;;;;;;;;;;;;;
Trisetum flavescens;GW 1-7-2;;;;;;;;;;;;;;;3;3;
Trollius europaeus;GW 1-7-2;;;;;;;;;;;;;;;;;
Veronica arvensis;GW 1-7-2;;;;;;;;;;;;;;;;;
Veronica chamaedrys;GW 1-7-2;;;;;;;;;;;;;;;;;
Veronica filiformis;GW 1-7-2;;;;;;;;;;;;;;;;;
Veronica hederifolia;GW 1-7-2;;;;;;;;;;;;;;;;;
Veronica persica;GW 1-7-2;;;;;;;;;;;;;;;;;
Veronica polita;GW 1-7-2;;;;;;;;;;;;;;;;;
Veronica serpyllifolia;GW 1-7-2;;;;;;;;;;;;;;;;;
Vicia angustifolia;GW 1-7-2;;;;;;;;;;;;;;;;;
Vicia cracca;GW 1-7-2;;;;;;;;;;;;;;;;;
Vicia hirsuta;GW 1-7-2;;;;;;;;;;;;;;;;;
Vicia sepium;GW 1-7-2;;;;;;;;;;;;;;;;;
Vicia tetrasperma;GW 1-7-2;;;;;;;;;;;;;;;;;
Achillea millefolium;GW 1-3-1;;;;;;;;;;;;;;;;;
Agrostis capillaris;GW 1-3-1;;;;;;;;;;;;;;;;;
Agrostis gigantea;GW 1-3-1;;;;;;;;;;;;;;;;;
Agrostis stolonifera;GW 1-3-1;;;;;;;;;;;;;;;;;
Ajuga reptans;GW 1-3-1;;;;;;;;;;;;;;;;;
Alchemilla monticula;GW 1-3-1;;;;;;;;;;;;;;;;;
Alchemilla vulgaris;GW 1-3-1;;;;;;;;;;;;;;;;;
Alopecurus pratensis;GW 1-3-1;;;;;;;;;;;;;;;;;
Anthoxanthum odoratum;GW 1-3-1;;;;;;;;;;;;;;;;;
Arabidopsis thaliana;GW 1-3-1;;;;;;;;;;;;;;;;;
Arrhenatherum elatius;GW 1-3-1;;;;;;;;;;;;;;;;;
Bellis perennis;GW 1-3-1;;;;;;;;;;;;;;;;;
Bistorta officianilis;GW 1-3-1;;;;;;;;;;;;;;;;;
Briza media;GW 1-3-1;;;;;;;;;;;;;;;;;
Cardamine amara;GW 1-3-1;;;;;;;;;;;;;;;;;
Cardamine hirsuta;GW 1-3-1;;;;;;;;;;;;;;;;;
Carex humilis;GW 1-3-1;;;;;;;;;;;;;;;;;
Carex montana;GW 1-3-1;;;;;;;;;;;;;;;;;
Carex spicata cf;GW 1-3-1;;;;;;;;;;;;;;;;;
Carex sylvatica;GW 1-3-1;;;;;;;;;;;;;;;;;
Carum carvi;GW 1-3-1;;;;;;;;;;;;;;;;;
Centaurea jacea;GW 1-3-1;;;;;;;;;;;;;;;;;
Cerastium holosteoides;GW 1-3-1;;;;;;;;;;;;;;;;;
Chaerophyllum temulum;GW 1-3-1;;;;;;;;;;;;;;;;;
Crepis aurea;GW 1-3-1;;;;;;;;;;;;;;;;;
Crepis biennis;GW 1-3-1;;;;;;;;;;;;;;;;;
Crocus albiflorus;GW 1-3-1;;;;;;;;;;;;;;;;;
Cynosurus cristatus;GW 1-3-1;;;;;;;;;;;;;;;;;
Dactylis glomerata;GW 1-3-1;;;;;;;;;;;;;;;;;
Daucus carota;GW 1-3-1;;;;;;;;;;;;;;;;;
Deschampsia flexuosa;GW 1-3-1;;;;;;;;;;;;;;;;;
Draba verna;GW 1-3-1;;;;;;;;;;;;;;;;;
Elymus caninus;GW 1-3-1;;;;;;;;;;;;;;;;;
Elymus repens;GW 1-3-1;;;;;;;;;;;;;;;;;1
Equisetum arvense;GW 1-3-1;;;;;;;;;;;;;;;;;
Euphrasia stricta;GW 1-3-1;;;;;;;;;;;;;;;;;
Festuca pratensis;GW 1-3-1;;;;;;;;;;;;;;3;5;6;5
Festuca rubra;GW 1-3-1;;;;;;;;;;;;2;2;;4;;
Filipendula ulmaria;GW 1-3-1;;;;;;;;;;;;;;;;;
Galium album;GW 1-3-1;;;;;;;;;;;;;;;;;
Geranium rotundifolium;GW 1-3-1;;;;;;;;;;;;;;;;;
Geum rivale;GW 1-3-1;;;;;;;;;;;;;;;;;
Geum urbanum;GW 1-3-1;;;;;;;;;;;;;;;;;
Glechoma hederacea;GW 1-3-1;;;;;;;;;;;;;;;;;
Helictotrichon pubescens;GW 1-3-1;;;;;;;;;;;;;1;1;1;1;
Heracleum sphondylium;GW 1-3-1;;;;;;;;;;;;;;;;;
Hieracium aurantiacum;GW 1-3-1;;;;;;;;;;;;;;;;;
Hieracium Macranthum;GW 1-3-1;;;;;;;;;;;;;;;;;
Hieracium pilosella ;GW 1-3-1;;;;;;;;;;;;;;;;;
Holcus lanatus;GW 1-3-1;;;;;;;;;;;;;;;;;
Hypochaeris radicata;GW 1-3-1;;;;;;;;;;;;;;;;;
Knautia arvensis;GW 1-3-1;;;;;;;;;;;;;;;;;
Lamium purpureum;GW 1-3-1;;;;;;;;;;;;;;;;;
Lathyrus pratensis;GW 1-3-1;;;;;;;;;;;;;;;;;
Leontodon autumnalis;GW 1-3-1;;;;;;;;;;;;;;;;;
Leontodon helveticus;GW 1-3-1;;;;;;;;;;;;;;;;;
Leontodon hispidus;GW 1-3-1;;;;;;;;;;;;;;;;;
Leucanthemum ircutianum;GW 1-3-1;;;;;;;;;;;;;;;;;
Lolium multiflorum;GW 1-3-1;;;;;;;;;;;;;;;;;
Lolium perenne;GW 1-3-1;;;;;;;;;;;;;;;;;
Lotus corniculatus;GW 1-3-1;;;;;;;;;;;;;;;;;
Luzula campestris;GW 1-3-1;;;;;;;;;;;;;;;;;
Lychnis flos-cuculi;GW 1-3-1;;;;;;;;;;;;;;;;;
Myosotis alpestris;GW 1-3-1;;;;;;;;;;;;;;;;;
Peucedanum oreoselinum;GW 1-3-1;;;;;;;;;;;;;;;;;
Phleum pratense;GW 1-3-1;;;;;;;;;;;;;;;;;
Phleum pratensis;GW 1-3-1;;;;;;;;;;;;;;;;;
Pilosella aurantiaca;GW 1-3-1;;;;;;;;;;;;;;;;;
Pilosella piloselloides;GW 1-3-1;;;;;;;;;;;;;;;;;
Pimpinella major;GW 1-3-1;;;;;;;;;;;;;;;;;
Pimpinella saxifraga;GW 1-3-1;;;;;;;;;;;;;;;;;
Plantago lanceolata;GW 1-3-1;;;;;;;;;;;;;;;;4;8
Poa angustifolia;GW 1-3-1;;;;;;;;;;;;;;;;;
Poa pratense;GW 1-3-1;;;;;;;;;;;;;;;;;
Poa pratensis;GW 1-3-1;;;;;;;;;;;;2;3;1;;2;
Poa trivalis ;GW 1-3-1;;;;;;;;;;;;;;;;;
Poa trivialis;GW 1-3-1;;;;;;;;;;;;;;;;;
Primula veris;GW 1-3-1;;;;;;;;;;;;;;;;;
Prunella vulgaris;GW 1-3-1;;;;;;;;;;;;;;;;;
Ranunculus acris;GW 1-3-1;;;;;;1;1;1;;;2;7;3;1;;;
Ranunculus bulbosus;GW 1-3-1;;;;;;;;;;;;;;;;;
Ranunculus ficaria;GW 1-3-1;;;;;;;;;;;;;;;;;
Ranunculus montanus;GW 1-3-1;;;;;;;;;;;;;;;;;
Ranunculus repens;GW 1-3-1;;;;;;;;;;;;;;;;;
Rhinanthus minor;GW 1-3-1;;;;;;;;;;;;;;;;;
Rumex acetosa;GW 1-3-1;;;;;;;;;;;2;3;;;;;
Rumex sanguineus;GW 1-3-1;;;;;;;;;;;;;;;;;
Silene alba;GW 1-3-1;;;;;;;;;;;;;;;;;
Silene flos-cuculi;GW 1-3-1;;;;;;;;;;;;;;;;;
Stellaria media;GW 1-3-1;;;;;;;;;;;;;;;;;
Taraxacum officinale;GW 1-3-1;;;;;;;;;;;;;;;;;
Taraxacum sect Ruderalia;GW 1-3-1;;;;;;;;;;;;;;;;;
Thlaspi arvense;GW 1-3-1;;;;;;;;;;;;;;;;;
Tragopodon pratensis;GW 1-3-1;;;;;;;;;;;;;;;;;
Trifolium dubium;GW 1-3-1;;;;;;;;;;;;;;;;;
Trifolium incarnatum;GW 1-3-1;;;;;;;;;;;;;;;;;
Trifolium medium;GW 1-3-1;;;;;;;;;;;;;;;;;
Trifolium pratense;GW 1-3-1;;;;;;;;;;;;1;1;;2;1;
Trifolium repens;GW 1-3-1;;;;;;;;;;;;;;;;;
Trisetum flavescens;GW 1-3-1;;;;;;;;;;;;;;;;;
Trollius europaeus;GW 1-3-1;;;;;;;;;;;;;;;;;
Veronica arvensis;GW 1-3-1;;;;;;;;;;;;;;;;;
Veronica chamaedrys;GW 1-3-1;;;;;;;;;;;;;;;;;
Veronica filiformis;GW 1-3-1;;;;;;;;;;;;;;;;;
Veronica hederifolia;GW 1-3-1;;;;;;;;;;;;;;;;;
Veronica persica;GW 1-3-1;;;;;;;;;;;;;;;;;
Veronica polita;GW 1-3-1;;;;;;;;;;;;;;;;;
Veronica serpyllifolia;GW 1-3-1;;;;;;;;;;;;;;;;;
Vicia angustifolia;GW 1-3-1;;;;;;;;;;;;;;;;;
Vicia cracca;GW 1-3-1;;;;;;;;;;;;;;;;;
Vicia hirsuta;GW 1-3-1;;;;;;;;;;;;;;;;;
Vicia sepium;GW 1-3-1;;;;;;;;;;;;;;;;;
Vicia tetrasperma;GW 1-3-1;;;;;;;;;;;;;;;;;
Achillea millefolium;GW 1-4-2;;;;;;;;;;;;;;;;;
Agrostis capillaris;GW 1-4-2;;;;;;;;;;;;;;;;;
Agrostis gigantea;GW 1-4-2;;;;;;;;;;;;;;;;;
Agrostis stolonifera;GW 1-4-2;;;;;;;;;;;;;;;;;
Ajuga reptans;GW 1-4-2;;;;;;;;;;;;;;;;;
Alchemilla monticula;GW 1-4-2;;;;;;;;;;;;;;;;;
Alchemilla vulgaris;GW 1-4-2;;;;;;;;;;;;;;;;;
Alopecurus pratensis;GW 1-4-2;;;;;;;;;;;;;;;;;
Anthoxanthum odoratum;GW 1-4-2;;;;;;;;;;;;;;;;;
Arabidopsis thaliana;GW 1-4-2;;;;;;;;;;;;;;;;;
Arrhenatherum elatius;GW 1-4-2;;;;;;;;;;;;;;;;;
Bellis perennis;GW 1-4-2;;;;;;;;;;;;;;;;;
Bistorta officianilis;GW 1-4-2;;;;;;;;;;;;;;;;;
Briza media;GW 1-4-2;;;;;;;;;;;;;;;;;
Cardamine amara;GW 1-4-2;;;;;;;;;;;;;;;;;
Cardamine hirsuta;GW 1-4-2;;;;;;;;;;;;;;;;;
Carex humilis;GW 1-4-2;;;;;;;;;;;;;;;;;
Carex montana;GW 1-4-2;;;;;;;;;;;;;;;;;
Carex spicata cf;GW 1-4-2;;;;;;;;;;;;;;;;;
Carex sylvatica;GW 1-4-2;;;;;;;;;;;;;;;;;
Carum carvi;GW 1-4-2;;;;;;;;;;;;;;;;;
Centaurea jacea;GW 1-4-2;;;;;;;;;;;;;;;;;
Cerastium holosteoides;GW 1-4-2;;;;;;;;;;;;;;;;;
Chaerophyllum temulum;GW 1-4-2;;;;;;;;;;;;;;;;;
Crepis aurea;GW 1-4-2;;;;;;;;;;;;;;;;;
Crepis biennis;GW 1-4-2;;;;;;;;;;;;;;;;;
Crocus albiflorus;GW 1-4-2;;;;;;;;;;;;;;;;;
Cynosurus cristatus;GW 1-4-2;;;;;;;;;;;;;;;;;
Dactylis glomerata;GW 1-4-2;;;;;;;;;;;;;;;;;
Daucus carota;GW 1-4-2;;;;;;;;;;;;;;;;;
Deschampsia flexuosa;GW 1-4-2;;;;;;;;;;;;;;;;;
Draba verna;GW 1-4-2;;;;;;;;;;;;;;;;;
Elymus caninus;GW 1-4-2;;;;;;;;;;;;;;;;;
Elymus repens;GW 1-4-2;;;;;;;;;;;;;;;1;;
Equisetum arvense;GW 1-4-2;;;;;;;;;;;;;;;;;
Euphrasia stricta;GW 1-4-2;;;;;;;;;;;;;;;;;
Festuca pratensis;GW 1-4-2;;;;;;;;;;;;;;1;1;;
Festuca rubra;GW 1-4-2;;;;;;;;;;;;;;;;;
Filipendula ulmaria;GW 1-4-2;;;;;;;;;;;;;;;;;
Galium album;GW 1-4-2;;;;;;;;;;;;;;;;5;
Geranium rotundifolium;GW 1-4-2;;;;;;;;;;;;;;;;;
Geum rivale;GW 1-4-2;;;;;;;;;;;;;;;;;
Geum urbanum;GW 1-4-2;;;;;;;;;;;;;;;;;
Glechoma hederacea;GW 1-4-2;;;;;;;;;;;;;;;;;
Helictotrichon pubescens;GW 1-4-2;;;;;;;;;;;1;1;1;1;;;
Heracleum sphondylium;GW 1-4-2;;;;;;;;;;;;;;;;;
Hieracium aurantiacum;GW 1-4-2;;;;;;;;;;;;;;;;;
Hieracium Macranthum;GW 1-4-2;;;;;;;;;;;;;;;;;
Hieracium pilosella ;GW 1-4-2;;;;;;;;;;;;;;;;;
Holcus lanatus;GW 1-4-2;;;;;;;;;;;;;;;;;
Hypochaeris radicata;GW 1-4-2;;;;;;;;;;;;;;;;;
Knautia arvensis;GW 1-4-2;;;;;;;;;;;;;;;;;
Lamium purpureum;GW 1-4-2;;;;;;;;;;;;;;;;;
Lathyrus pratensis;GW 1-4-2;;;;;;;;;;;;;;;;;12
Leontodon autumnalis;GW 1-4-2;;;;;;;;;;;;;;;;;
Leontodon helveticus;GW 1-4-2;;;;;;;;;;;;;;;;;
Leontodon hispidus;GW 1-4-2;;;;;;;;;;;;;;;;;
Leucanthemum ircutianum;GW 1-4-2;;;;;;;;;;;;;;;;;
Lolium multiflorum;GW 1-4-2;;;;;;;;;;;;;;;;;
Lolium perenne;GW 1-4-2;;;;;;;;;;;;;;;;;
Lotus corniculatus;GW 1-4-2;;;;;;;;;;;;;;;;;
Luzula campestris;GW 1-4-2;;;;;;;;;;;;;;;;;
Lychnis flos-cuculi;GW 1-4-2;;;;;;;;;;;;;;;;;
Myosotis alpestris;GW 1-4-2;;;;;;;;;;;;;;;;;
Peucedanum oreoselinum;GW 1-4-2;;;;;;;;;;;;;;;;;
Phleum pratense;GW 1-4-2;;;;;;;;;;;;;;;;;
Phleum pratensis;GW 1-4-2;;;;;;;;;;;;;;;;;
Pilosella aurantiaca;GW 1-4-2;;;;;;;;;;;;;;;;;
Pilosella piloselloides;GW 1-4-2;;;;;;;;;;;;;;;;;
Pimpinella major;GW 1-4-2;;;;;;;;;;;;;;;;;
Pimpinella saxifraga;GW 1-4-2;;;;;;;;;;;;;;;;;
Plantago lanceolata;GW 1-4-2;;;;;;;;;;;;;;;;5;8
Poa angustifolia;GW 1-4-2;;;;;;;;;;;;;;;;;
Poa pratense;GW 1-4-2;;;;;;;;;;;;;;;;;
Poa pratensis;GW 1-4-2;;;;;;;;;;;;;;;;1;
Poa trivalis ;GW 1-4-2;;;;;;;;;;;;;;;;;
Poa trivialis;GW 1-4-2;;;;;;;;;;;;;;;;;
Primula veris;GW 1-4-2;;;;;;;;;;;;;;;;;
Prunella vulgaris;GW 1-4-2;;;;;;;;;;;;;;;;;
Ranunculus acris;GW 1-4-2;;;;;;;;;;1;2;4;6;1;;;
Ranunculus bulbosus;GW 1-4-2;;;;;;;;;;;;;;;;;
Ranunculus ficaria;GW 1-4-2;;;;;;;;;;;;;;;;;
Ranunculus montanus;GW 1-4-2;;;;;;;;;;;;;;;;;
Ranunculus repens;GW 1-4-2;;;;;;;;;;;;;;;;;
Rhinanthus minor;GW 1-4-2;;;;;;;;;;;;;;;;;
Rumex acetosa;GW 1-4-2;;;;;;;;;;;;2;;;;;
Rumex sanguineus;GW 1-4-2;;;;;;;;;;;;;;;;;
Silene alba;GW 1-4-2;;;;;;;;;;;;;;;;;
Silene flos-cuculi;GW 1-4-2;;;;;;;;;;;;;;;;;
Stellaria media;GW 1-4-2;;;;;;;;;;;;;;;;;
Taraxacum officinale;GW 1-4-2;;;;;;;;;;1;;;;;;;
Taraxacum sect Ruderalia;GW 1-4-2;;;;;;;;;;;;;;;;;
Thlaspi arvense;GW 1-4-2;;;;;;;;;;;;;;;;;
Tragopodon pratensis;GW 1-4-2;;;;;;;;;;;;;;;;;
Trifolium dubium;GW 1-4-2;;;;;;;;;;;;;;;;;
Trifolium incarnatum;GW 1-4-2;;;;;;;;;;;;;;;;;
Trifolium medium;GW 1-4-2;;;;;;;;;;;;;;;;;
Trifolium pratense;GW 1-4-2;;;;;;;;;;;1;6;11;1;1;;
Trifolium repens;GW 1-4-2;;;;;;;;;;;;;;;;;
Trisetum flavescens;GW 1-4-2;;;;;;;;;;;;10;10;10;10;15;3
Trollius europaeus;GW 1-4-2;;;;;;;;;;;;;;;;;
Veronica arvensis;GW 1-4-2;;;;;;;;;;;;;;;;;
Veronica chamaedrys;GW 1-4-2;;;;;;;;;;;;;;;;;
Veronica filiformis;GW 1-4-2;;;;;;;;;;;;;;;;;
Veronica hederifolia;GW 1-4-2;;;;;;;;;;;;;;;;;
Veronica persica;GW 1-4-2;;;;;;;;;;;;;;;;;
Veronica polita;GW 1-4-2;;;;;;;;;;;;;;;;;
Veronica serpyllifolia;GW 1-4-2;;;;;;;;;;;;;;;;;
Vicia angustifolia;GW 1-4-2;;;;;;;;;;;;;;;;;
Vicia cracca;GW 1-4-2;;;;;;;;;;;;;;;;;
Vicia hirsuta;GW 1-4-2;;;;;;;;;;;;;;;;;
Vicia sepium;GW 1-4-2;;;;;;;;;;;;;;;;;
Vicia tetrasperma;GW 1-4-2;;;;;;;;;;;;;;;;;
Achillea millefolium;GW 2-3-1;;;;;;;;;;;;;;;;;
Agrostis capillaris;GW 2-3-1;;;;;;;;;;;;;;;;;
Agrostis gigantea;GW 2-3-1;;;;;;;;;;;;;;;;;
Agrostis stolonifera;GW 2-3-1;;;;;;;;;;;;;;;;;
Ajuga reptans;GW 2-3-1;;;;;;;;;;;;;;;;;
Alchemilla monticula;GW 2-3-1;;;;;;;;;;;;;;;;;
Alchemilla vulgaris;GW 2-3-1;;;;;;;;;;;;;;;;;
Alopecurus pratensis;GW 2-3-1;;;;;;;;;;;;;;;;;
Anthoxanthum odoratum;GW 2-3-1;;;;;;;;;;;;;;;;;
Arabidopsis thaliana;GW 2-3-1;;;;;;;;;;;;;;;;;
Arrhenatherum elatius;GW 2-3-1;;;;;;;;;;;;;;;;;
Bellis perennis;GW 2-3-1;;;;;;;;;;;;;;;;;
Bistorta officianilis;GW 2-3-1;;;;;;;;;;;;;;;;;
Briza media;GW 2-3-1;;;;;;;;;;;;;;;;;
Cardamine amara;GW 2-3-1;;;;;;;;;;;;;;;;;
Cardamine hirsuta;GW 2-3-1;;;;;;;;;;;;;;;;;
Carex humilis;GW 2-3-1;;;;;;;;;;;;;;;;;
Carex montana;GW 2-3-1;;;;;;;;;;;;;;;;;
Carex spicata cf;GW 2-3-1;;;;;;;;;;;;;;;;;
Carex sylvatica;GW 2-3-1;;;;;;;;;;;;;;;;;
Carum carvi;GW 2-3-1;;;;;;;;;;;;;;;;;
Centaurea jacea;GW 2-3-1;;;;;;;;;;;;;;;;;
Cerastium holosteoides;GW 2-3-1;;;;;;;;;;;;;;;;;
Chaerophyllum temulum;GW 2-3-1;;;;;;;;;;;;;;;;;
Crepis aurea;GW 2-3-1;;;;;;;;;;;;;;;;;
Crepis biennis;GW 2-3-1;;;;;;;;;;;;;;;;;
Crocus albiflorus;GW 2-3-1;;;;;;;;;;;;;;;;;
Cynosurus cristatus;GW 2-3-1;;;;;;;;;;;;;;;;;
Dactylis glomerata;GW 2-3-1;;;;;;;;;;;;;;;;;
Daucus carota;GW 2-3-1;;;;;;;;;;;;;;;;;
Deschampsia flexuosa;GW 2-3-1;;;;;;;;;;;;;;;;;
Draba verna;GW 2-3-1;;;;;;;;;;;;;;;;;
Elymus caninus;GW 2-3-1;;;;;;;;;;;;;;;;;
Elymus repens;GW 2-3-1;;;;;;;;;;;;;;;;;
Equisetum arvense;GW 2-3-1;;;;;;;;;;;;;;;;;
Euphrasia stricta;GW 2-3-1;;;;;;;;;;;;;;;;;
Festuca pratensis;GW 2-3-1;;;;;;;;;;;;;;2;3;4;4
Festuca rubra;GW 2-3-1;;;;;;;;;;;;;;;;;
Filipendula ulmaria;GW 2-3-1;;;;;;;;;;;;;;;;;
Galium album;GW 2-3-1;;;;;;;;;;;;;;;;;
Geranium rotundifolium;GW 2-3-1;;;;;;;;;;;;;;;;;
Geum rivale;GW 2-3-1;;;;;;;;;;;;;;;;;
Geum urbanum;GW 2-3-1;;;;;;;;;;;;;;;;;
Glechoma hederacea;GW 2-3-1;;;;;;;;;;;;;;;;;
Helictotrichon pubescens;GW 2-3-1;;;;;;;;;;;;;;;;;
Heracleum sphondylium;GW 2-3-1;;;;;;;;;;;;;;;;;
Hieracium aurantiacum;GW 2-3-1;;;;;;;;;;;;;;;;;
Hieracium Macranthum;GW 2-3-1;;;;;;;;;;;;;;;;;
Hieracium pilosella ;GW 2-3-1;;;;;;;;;;;;;;;;;
Holcus lanatus;GW 2-3-1;;;;;;;;;;;;;;;;;
Hypochaeris radicata;GW 2-3-1;;;;;;;;;;;;;;;;;
Knautia arvensis;GW 2-3-1;;;;;;;;;;;;;;;;;
Lamium purpureum;GW 2-3-1;;;;;;;;;;;;;;;;;
Lathyrus pratensis;GW 2-3-1;;;;;;;;;;;;;;;;;6
Leontodon autumnalis;GW 2-3-1;;;;;;;;;;;;;;;;;
Leontodon helveticus;GW 2-3-1;;;;;;;;;;;;;;;;;
Leontodon hispidus;GW 2-3-1;;;;;;;;;;;;;;;;;
Leucanthemum ircutianum;GW 2-3-1;;;;;;;;;;;;;;;;;
Lolium multiflorum;GW 2-3-1;;;;;;;;;;;;;;;;;
Lolium perenne;GW 2-3-1;;;;;;;;;;;;;;;;;
Lotus corniculatus;GW 2-3-1;;;;;;;;;;;;;;;;;
Luzula campestris;GW 2-3-1;;;;;;;;;;;;;;;;;
Lychnis flos-cuculi;GW 2-3-1;;;;;;;;;;;;;;;;;
Myosotis alpestris;GW 2-3-1;;;;;;;;;;;;;;;;;
Peucedanum oreoselinum;GW 2-3-1;;;;;;;;;;;;;;;;;
Phleum pratense;GW 2-3-1;;;;;;;;;;;;;;;;;
Phleum pratensis;GW 2-3-1;;;;;;;;;;;;;;;;;
Pilosella aurantiaca;GW 2-3-1;;;;;;;;;;;;;;;;;
Pilosella piloselloides;GW 2-3-1;;;;;;;;;;;;;;;;;
Pimpinella major;GW 2-3-1;;;;;;;;;;;;;;;;;
Pimpinella saxifraga;GW 2-3-1;;;;;;;;;;;;;;;;;
Plantago lanceolata;GW 2-3-1;;;;;;;;;;;;;;;;;
Poa pratense;GW 2-3-1;;;;;;;;;;;1;1;1;1;1;1;1
Poa pratensis;GW 2-3-1;;;;;;;;;;;;;;;;;
Poa trivalis ;GW 2-3-1;;;;;;;;;;;;;;;;;
Poa trivialis;GW 2-3-1;;;;;;;;;;;;;;;;;
Primula veris;GW 2-3-1;;;;;;;;;;;;;;;;;
Prunella vulgaris;GW 2-3-1;;;;;;;;;;;;;;;;;
Ranunculus acris;GW 2-3-1;;;;;;;;;;1;3;7;22;5;2;;
Ranunculus bulbosus;GW 2-3-1;;;;;;;;;;;;;;;;;
Ranunculus ficaria;GW 2-3-1;;;;;;;;;;;;;;;;;
Ranunculus montanus;GW 2-3-1;;;;;;;;;;;;;;;;;
Ranunculus repens;GW 2-3-1;;;;;;;;;;;;;;;;;
Rhinanthus minor;GW 2-3-1;;;;;;;;;;;;;;;;;
Rumex acetosa;GW 2-3-1;;;;;;;;;;;2;2;;;;;
Rumex sanguineus;GW 2-3-1;;;;;;;;;;;;;;;;;
Silene alba;GW 2-3-1;;;;;;;;;;;;;;;;;
Silene flos-cuculi;GW 2-3-1;;;;;;;;;;;;;;;;;
Stellaria media;GW 2-3-1;;;;;;;;;;;;;;;;;
Taraxacum officinale;GW 2-3-1;;;;;;;;;;1;;;;;;;
Taraxacum sect Ruderalia;GW 2-3-1;;;;;;;;;;;;;;;;;
Thlaspi arvense;GW 2-3-1;;;;;;;;;;;;;;;;;
Tragopodon pratensis;GW 2-3-1;;;;;;;;;;;;;;;;;
Trifolium dubium;GW 2-3-1;;;;;;;;;;;;;;;;;
Trifolium incarnatum;GW 2-3-1;;;;;;;;;;;;;;;;;
Trifolium medium;GW 2-3-1;;;;;;;;;;;;;;;;;
Trifolium pratense;GW 2-3-1;;;;;;;;;;;;8;1;;;;
Trifolium repens;GW 2-3-1;;;;;;;;;;;;;;;;;
Trisetum flavescens;GW 2-3-1;;;;;;;;;;;;2;7;4;1;3;
Trollius europaeus;GW 2-3-1;;;;;;;;;;;;;;;;;
Veronica arvensis;GW 2-3-1;;;;;;;;;;;;;;;;;
Veronica chamaedrys;GW 2-3-1;;;;;;;;;;;;;;1;;;
Veronica filiformis;GW 2-3-1;;;;;;;;;;;;;;;;;
Veronica hederifolia;GW 2-3-1;;;;;;;;;;;;;;;;;
Veronica persica;GW 2-3-1;;;;;;;;;;;;;;;;;
Veronica polita;GW 2-3-1;;;;;;;;;;;;;;;;;
Veronica serpyllifolia;GW 2-3-1;;;;;;;;;;;;;;;;;
Vicia angustifolia;GW 2-3-1;;;;;;;;;;;;;;;;;
Vicia cracca;GW 2-3-1;;;;;;;;;;;;;;;;;
Vicia hirsuta;GW 2-3-1;;;;;;;;;;;;;;;;;
Vicia sepium;GW 2-3-1;;;;;;;;;;;;;;;;;
Vicia tetrasperma;GW 2-3-1;;;;;;;;;;;;;;;;;
Achillea millefolium;GW 2-9-1;;;;;;;;;;;;;;;;;
Agrostis capillaris;GW 2-9-1;;;;;;;;;;;;;;;;;
Agrostis gigantea;GW 2-9-1;;;;;;;;;;;;;;;;;
Agrostis stolonifera;GW 2-9-1;;;;;;;;;;;;;;;;;
Ajuga reptans;GW 2-9-1;;;;;;;;;;19;17;1;;;;;
Alchemilla monticula;GW 2-9-1;;;;;;;;;;;;;;;;;
Alchemilla vulgaris;GW 2-9-1;;;;;;;;;;;;;;;;;
Alopecurus pratensis;GW 2-9-1;;;;;;;;;;;;;;;;;
Anthoxanthum odoratum;GW 2-9-1;;;;;;;;;;;;;;;;;
Arabidopsis thaliana;GW 2-9-1;;;;;;;;;;;;;;;;;
Arrhenatherum elatius;GW 2-9-1;;;;;;;;;;;;;;;;;
Bellis perennis;GW 2-9-1;;;;;;;;;;;;;;;;;
Bistorta officianilis;GW 2-9-1;;;;;;;;;;;;;;;;;
Briza media;GW 2-9-1;;;;;;;;;;;;;;;;;
Cardamine amara;GW 2-9-1;;;;;;;;;;;;;;;;;
Cardamine hirsuta;GW 2-9-1;;;;;;;;;;;;;;;;;
Carex humilis;GW 2-9-1;;;;;;;;;;;;;;;;;
Carex montana;GW 2-9-1;;;;;;;;;;;;;;;;;
Carex spicata cf;GW 2-9-1;;;;;;;;;;;;;;;;;
Carex sylvatica;GW 2-9-1;;;;;;;;;;;;;;;;;
Carum carvi;GW 2-9-1;;;;;;;;;;;;;;;;;
Centaurea jacea;GW 2-9-1;;;;;;;;;;;;;;;;;
Cerastium holosteoides;GW 2-9-1;;;;;;;;;;;;;;1;;;
Chaerophyllum temulum;GW 2-9-1;;;;;;;;;;;;;;;;;
Crepis aurea;GW 2-9-1;;;;;;;;;;;;;;;;;
Crepis biennis;GW 2-9-1;;;;;;;;;;;;;;;;;
Crocus albiflorus;GW 2-9-1;;;;;;;;;;;;;;;;;
Cynosurus cristatus;GW 2-9-1;;;;;;;;;;;;;;;;;
Dactylis glomerata;GW 2-9-1;;;;;;;;;;;;;;;;;
Daucus carota;GW 2-9-1;;;;;;;;;;;;;;;;;
Deschampsia flexuosa;GW 2-9-1;;;;;;;;;;;;;;;;;
Draba verna;GW 2-9-1;;;;;;;;;;;;;;;;;
Elymus caninus;GW 2-9-1;;;;;;;;;;;;;;;;;
Elymus repens;GW 2-9-1;;;;;;;;;;;;;;;;;
Equisetum arvense;GW 2-9-1;;;;;;;;;;;;;;;;;
Euphrasia stricta;GW 2-9-1;;;;;;;;;;;;;;;;;
Festuca pratensis;GW 2-9-1;;;;;;;;;;;;;;;;;1
Festuca rubra;GW 2-9-1;;;;;;;;;;;;;;;;;
Filipendula ulmaria;GW 2-9-1;;;;;;;;;;;;;;;;;
Galium album;GW 2-9-1;;;;;;;;;;;;;;;;;
Geranium rotundifolium;GW 2-9-1;;;;;;;;;;;;;;;;;
Geum rivale;GW 2-9-1;;;;;;;;;;;;;;;;;
Geum urbanum;GW 2-9-1;;;;;;;;;;;;;;;;;
Glechoma hederacea;GW 2-9-1;;;;;;;;;;;;;;;;;
Helictotrichon pubescens;GW 2-9-1;;;;;;;;;;;3;3;5;3;3;1;
Heracleum sphondylium;GW 2-9-1;;;;;;;;;;;;;;;;;
Hieracium aurantiacum;GW 2-9-1;;;;;;;;;;;;;;;;;
Hieracium Macranthum;GW 2-9-1;;;;;;;;;;;;;;;;;
Hieracium pilosella ;GW 2-9-1;;;;;;;;;;;;;;;;;
Holcus lanatus;GW 2-9-1;;;;;;;;;;;;;;;;;
Hypochaeris radicata;GW 2-9-1;;;;;;;;;;;;;;;;;
Knautia arvensis;GW 2-9-1;;;;;;;;;;;;;;;;;
Lamium purpureum;GW 2-9-1;;;;;;;;;;;;;;;;;
Lathyrus pratensis;GW 2-9-1;;;;;;;;;;;;;;;;;
Leontodon autumnalis;GW 2-9-1;;;;;;;;;;;;;;;;;
Leontodon helveticus;GW 2-9-1;;;;;;;;;;;;;;;;;
Leontodon hispidus;GW 2-9-1;;;;;;;;;;;;;;;;;
Leucanthemum ircutianum;GW 2-9-1;;;;;;;;;;;;;;;;;
Lolium multiflorum;GW 2-9-1;;;;;;;;;;;;;;;;;
Lolium perenne;GW 2-9-1;;;;;;;;;;;;;;;;;
Lotus corniculatus;GW 2-9-1;;;;;;;;;;;;;;;;;
Luzula campestris;GW 2-9-1;;;;;;;;;;;;;;;;;
Lychnis flos-cuculi;GW 2-9-1;;;;;;;;;;;;;;;;;
Myosotis alpestris;GW 2-9-1;;;;;;;;;;;;;;;;;
Peucedanum oreoselinum;GW 2-9-1;;;;;;;;;;;;;;;;;
Phleum pratense;GW 2-9-1;;;;;;;;;;;;;;;;;
Phleum pratensis;GW 2-9-1;;;;;;;;;;;;;;;;;
Pilosella aurantiaca;GW 2-9-1;;;;;;;;;;;;;;;;;
Pilosella piloselloides;GW 2-9-1;;;;;;;;;;;;;;;;;
Pimpinella major;GW 2-9-1;;;;;;;;;;;;;;;;;
Pimpinella saxifraga;GW 2-9-1;;;;;;;;;;;;;;;;;
Plantago lanceolata;GW 2-9-1;;;;;;;7;8;5;10;2;2;6;2;1;12;5
Poa angustifolia;GW 2-9-1;;;;;;;;;;;;;;;;;
Poa pratense;GW 2-9-1;;;;;;;;;;;;;;;;;
Poa pratensis;GW 2-9-1;;;;;;;;;;;;;2;;1;;
Poa trivalis ;GW 2-9-1;;;;;;;;;;;;;;;;;
Poa trivialis;GW 2-9-1;;;;;;;;;;;;;;;;;
Primula veris;GW 2-9-1;;;;;;;;;;;;;;;;;
Prunella vulgaris;GW 2-9-1;;;;;;;;;;;;;;;;;
Ranunculus acris;GW 2-9-1;;;;;;;;;;;;;;;;;
Ranunculus bulbosus;GW 2-9-1;;;;;;;;;;;;;;;;;
Ranunculus ficaria;GW 2-9-1;;;;;;;;;;;;;;;;;
Ranunculus montanus;GW 2-9-1;;;;;;;;;;;;;;;;;
Ranunculus repens;GW 2-9-1;;;;;;;;;;;;;;;;;
Rhinanthus minor;GW 2-9-1;;;;;;;;;;;;;;;;;
Rumex acetosa;GW 2-9-1;;;;;;;;;;;2;2;;;;;
Rumex sanguineus;GW 2-9-1;;;;;;;;;;;;;;;;;
Silene alba;GW 2-9-1;;;;;;;;;;;;;;;;;
Silene flos-cuculi;GW 2-9-1;;;;;;;;;;;;;;;;;
Stellaria media;GW 2-9-1;;;;;;;;;;;;;;;;;
Taraxacum officinale;GW 2-9-1;;;;;;;;;;;;;;;;;
Taraxacum sect Ruderalia;GW 2-9-1;;;;;;;;;;;;;;;;;
Thlaspi arvense;GW 2-9-1;;;;;;;;;;;;;;;;;
Tragopodon pratensis;GW 2-9-1;;;;;;;;;;;;;;;;;
Trifolium dubium;GW 2-9-1;;;;;;;;;;;;;;;;;
Trifolium incarnatum;GW 2-9-1;;;;;;;;;;;;;;;;;
Trifolium medium;GW 2-9-1;;;;;;;;;;;;;;;;;
Trifolium pratense;GW 2-9-1;;;;;;;;;;;;;;;;;
Trifolium repens;GW 2-9-1;;;;;;;;;;;;;;;1;;
Trisetum flavescens;GW 2-9-1;;;;;;;;;;;2;6;6;2;;4;
Trollius europaeus;GW 2-9-1;;;;;;;;;;;;;;;;;
Veronica arvensis;GW 2-9-1;;;;;;;;;;;;;;;;;
Veronica chamaedrys;GW 2-9-1;;;;;;;;;;;;;4;3;;;
Veronica filiformis;GW 2-9-1;;;;;;2;3;1;;2;2;;;;;;
Veronica hederifolia;GW 2-9-1;;;;;;;;;;;;;;;;;
Veronica persica;GW 2-9-1;;;;;;;;;;;;;;;;;
Veronica polita;GW 2-9-1;;;;;;;;;;;;;;;;;
Veronica serpyllifolia;GW 2-9-1;;;;;;;;;;;;;;;;;
Vicia angustifolia;GW 2-9-1;;;;;;;;;;;;;;;;;
Vicia cracca;GW 2-9-1;;;;;;;;;;;;;;;;;
Vicia hirsuta;GW 2-9-1;;;;;;;;;;;;;;;;;
Vicia sepium;GW 2-9-1;;;;;;;;;;;;;;;;;
Vicia tetrasperma;GW 2-9-1;;;;;;;;;;;;;;;;;
Achillea millefolium;GW 2-1-3;;;;;;;;;;;;;;;;;
Agrostis capillaris;GW 2-1-3;;;;;;;;;;;;;;;;;
Agrostis gigantea;GW 2-1-3;;;;;;;;;;;;;;;;;
Agrostis stolonifera;GW 2-1-3;;;;;;;;;;;;;;;;;
Ajuga reptans;GW 2-1-3;;;;;;;;;;;;;;;;;
Alchemilla monticula;GW 2-1-3;;;;;;;;;;;;;;;;;
Alchemilla vulgaris;GW 2-1-3;;;;;;;;;;;;;;;;;
Alopecurus pratensis;GW 2-1-3;;;;;;;;;;;;;;;;;
Anthoxanthum odoratum;GW 2-1-3;;;;;;;;;;;;;;;;;
Arabidopsis thaliana;GW 2-1-3;;;;;;;;;;;;;;;;;
Arrhenatherum elatius;GW 2-1-3;;;;;;;;;;;;;;;;;
Bellis perennis;GW 2-1-3;;;;;;;;;;;;;;;;;
Bistorta officianilis;GW 2-1-3;;;;;;;;;;;;;;;;;
Briza media;GW 2-1-3;;;;;;;;;;;;;;;;;
Cardamine amara;GW 2-1-3;;;;;;;;;;;;;;;;;
Cardamine hirsuta;GW 2-1-3;;;;;;;;;;;;;;;;;
Carex humilis;GW 2-1-3;;;;;;;;;;;;;;;;;
Carex montana;GW 2-1-3;;;;;;;;;;;;;;;;;
Carex spicata cf;GW 2-1-3;;;;;;;;;;;;;;;;;
Carex sylvatica;GW 2-1-3;;;;;;;;;;;;;;;;;
Carum carvi;GW 2-1-3;;;;;;;;;;;;;;;;;
Centaurea jacea;GW 2-1-3;;;;;;;;;;;;;;;;;
Cerastium holosteoides;GW 2-1-3;;;;;;;;;;;;;;;;;
Chaerophyllum temulum;GW 2-1-3;;;;;;;;;;;;;;;;;
Crepis aurea;GW 2-1-3;;;;;;;;;;;;;;;;;
Crepis biennis;GW 2-1-3;;;;;;;;;;;;;;;;;
Crocus albiflorus;GW 2-1-3;;;;;;;;;;;;;;;;;
Cynosurus cristatus;GW 2-1-3;;;;;;;;;;;;;;;;;
Dactylis glomerata;GW 2-1-3;;;;;;;;;;;;;;;;;
Daucus carota;GW 2-1-3;;;;;;;;;;;;;;;;;
Deschampsia flexuosa;GW 2-1-3;;;;;;;;;;;;;;;;;
Draba verna;GW 2-1-3;;;;;;;;;;;;;;;;;
Elymus caninus;GW 2-1-3;;;;;;;;;;;;;;;;;
Elymus repens;GW 2-1-3;;;;;;;;;;;;;;;;;
Equisetum arvense;GW 2-1-3;;;;;;;;;;;;;;;;;
Euphrasia stricta;GW 2-1-3;;;;;;;;;;;;;;;;;
Festuca pratensis;GW 2-1-3;;;;;;;;;;;;;;;;3;
Festuca rubra;GW 2-1-3;;;;;;;;;;;;;;;;;
Filipendula ulmaria;GW 2-1-3;;;;;;;;;;;;;;;;;
Galium album;GW 2-1-3;;;;;;;;;;;;;;;;;3
Geranium rotundifolium;GW 2-1-3;;;;;;;;;;;;;;;;;
Geum rivale;GW 2-1-3;;;;;;;;;;;;;;;;;
Geum urbanum;GW 2-1-3;;;;;;;;;;;;;;;;;
Glechoma hederacea;GW 2-1-3;;;;;;;;;;;;;;;;;
Helictotrichon pubescens;GW 2-1-3;;;;;;;;;;;;1;1;1;1;1;
Heracleum sphondylium;GW 2-1-3;;;;;;;;;;;;;;;;;
Hieracium aurantiacum;GW 2-1-3;;;;;;;;;;;;;;;;;
Hieracium Macranthum;GW 2-1-3;;;;;;;;;;;;;;;;;
Hieracium pilosella ;GW 2-1-3;;;;;;;;;;;;;;;;;
Holcus lanatus;GW 2-1-3;;;;;;;;;;;;;;;;;
Hypochaeris radicata;GW 2-1-3;;;;;;;;;;;;;;;;;
Knautia arvensis;GW 2-1-3;;;;;;;;;;;;;;;;;
Lamium purpureum;GW 2-1-3;;;;;;;;;;;;;;;;;
Lathyrus pratensis;GW 2-1-3;;;;;;;;;;;;;;;;;
Leontodon autumnalis;GW 2-1-3;;;;;;;;;;;;;;;;;
Leontodon helveticus;GW 2-1-3;;;;;;;;;;;;;;;;;
Leontodon hispidus;GW 2-1-3;;;;;;;;;;;;;;;;;
Leucanthemum ircutianum;GW 2-1-3;;;;;;;;;;;;;;;;;
Lolium multiflorum;GW 2-1-3;;;;;;;;;;;;;;;;;
Lolium perenne;GW 2-1-3;;;;;;;;;;;;;;;;;
Lotus corniculatus;GW 2-1-3;;;;;;;;;;;;;;;;;
Luzula campestris;GW 2-1-3;;;;;;;;;;;;;;;;;
Lychnis flos-cuculi;GW 2-1-3;;;;;;;;;;;;;;;;;
Myosotis alpestris;GW 2-1-3;;;;;;;;;;;;;;;;;
Peucedanum oreoselinum;GW 2-1-3;;;;;;;;;;;;;;;;;
Phleum pratense;GW 2-1-3;;;;;;;;;;;;;;;;;
Phleum pratensis;GW 2-1-3;;;;;;;;;;;;;;;;;
Pilosella aurantiaca;GW 2-1-3;;;;;;;;;;;;;;;;;
Pilosella piloselloides;GW 2-1-3;;;;;;;;;;;;;;;;;
Pimpinella major;GW 2-1-3;;;;;;;;;;;;;;;;;
Pimpinella saxifraga;GW 2-1-3;;;;;;;;;;;;;;;;;
Plantago lanceolata;GW 2-1-3;;;;;;;;;;;;;;;;5;8
Poa angustifolia;GW 2-1-3;;;;;;;;;;;;;;;;;
Poa pratense;GW 2-1-3;;;;;;;;;;;;;;;;;
Poa pratensis;GW 2-1-3;;;;;;;;;;;;;;;;;
Poa trivalis ;GW 2-1-3;;;;;;;;;;;;;;;;;
Poa trivialis;GW 2-1-3;;;;;;;;;;;;;;;;1;
Primula veris;GW 2-1-3;;;;;;;;;;;;;;;;;
Prunella vulgaris;GW 2-1-3;;;;;;;;;;;;;;;;;
Ranunculus acris;GW 2-1-3;;;;;;;1;1;;;3;4;4;;;;
Ranunculus bulbosus;GW 2-1-3;;;;;;;;;;;;;;;;;
Ranunculus ficaria;GW 2-1-3;;;;;;;;;;;;;;;;;
Ranunculus montanus;GW 2-1-3;;;;;;;;;;;;;;;;;
Ranunculus repens;GW 2-1-3;;;;;;;;;;;;;;;;;
Rhinanthus minor;GW 2-1-3;;;;;;;;;;;;;;;;;
Rumex acetosa;GW 2-1-3;;;;;;;;;;;2;2;;;;;
Rumex sanguineus;GW 2-1-3;;;;;;;;;;;;;;;;;
Silene alba;GW 2-1-3;;;;;;;;;;;;;;;;;
Silene flos-cuculi;GW 2-1-3;;;;;;;;;;;;;;;;;
Stellaria media;GW 2-1-3;;;;;;;;;;;;;;;;;
Taraxacum officinale;GW 2-1-3;;;;;;;;;;;;;;;;;
Taraxacum sect Ruderalia;GW 2-1-3;;;;;;;;;;;;;;;;;
Thlaspi arvense;GW 2-1-3;;;;;;;;;;;;;;;;;
Tragopodon pratensis;GW 2-1-3;;;;;;;;;;;;;;;;;
Trifolium dubium;GW 2-1-3;;;;;;;;;;;;;;;;;
Trifolium incarnatum;GW 2-1-3;;;;;;;;;;;;;;;;;
Trifolium medium;GW 2-1-3;;;;;;;;;;;;;;;;;
Trifolium pratense;GW 2-1-3;;;;;;;;;;;;1;4;;;;
Trifolium repens;GW 2-1-3;;;;;;;;;;;;;;;;;
Trisetum flavescens;GW 2-1-3;;;;;;;;;;;2;10;6;9;9;6;
Trollius europaeus;GW 2-1-3;;;;;;;;;;;;;;;;;
Veronica arvensis;GW 2-1-3;;;;;;;;;;;;;;;;;
Veronica chamaedrys;GW 2-1-3;;;;;;;;;;;;;1;;;;
Veronica filiformis;GW 2-1-3;;;;;;;;;;;;;;;;;
Veronica hederifolia;GW 2-1-3;;;;;;;;;;;;;;;;;
Veronica persica;GW 2-1-3;;;;;;;;;;;;;;;;;
Veronica polita;GW 2-1-3;;;;;;;;;;;;;;;;;
Veronica serpyllifolia;GW 2-1-3;;;;;;;;;;;;;;;;;
Vicia angustifolia;GW 2-1-3;;;;;;;;;;;;;;;;;
Vicia cracca;GW 2-1-3;;;;;;;;;;;;;;;;;
Vicia hirsuta;GW 2-1-3;;;;;;;;;;;;;;;;;
Vicia sepium;GW 2-1-3;;;;;;;;;;;;;;;;;
Vicia tetrasperma;GW 2-1-3;;;;;;;;;;;;;;;;;
Achillea millefolium;GW 3-5-1;;;;;;;;;;;;;;;;;
Agrostis capillaris;GW 3-5-1;;;;;;;;;;;;;;;;;
Agrostis gigantea;GW 3-5-1;;;;;;;;;;;;;;;;;
Agrostis stolonifera;GW 3-5-1;;;;;;;;;;;;;;;;;
Ajuga reptans;GW 3-5-1;;;;;;;;;;;;;;;;;
Alchemilla monticula;GW 3-5-1;;;;;;;;;;;;;;;;;
Alchemilla vulgaris;GW 3-5-1;;;;;;;;;;;;;;;;;
Alopecurus pratensis;GW 3-5-1;;;;;;;;;;;;;;;;;
Anthoxanthum odoratum;GW 3-5-1;;;;;;;;;;;;5;;;;;
Arabidopsis thaliana;GW 3-5-1;;;;;;;;;;;;;;;;;
Arrhenatherum elatius;GW 3-5-1;;;;;;;;;;;;;;;;;
Bellis perennis;GW 3-5-1;;;;;;;;;;;;;1;1;;;
Bistorta officianilis;GW 3-5-1;;;;;;;;;;;;;;;;;
Briza media;GW 3-5-1;;;;;;;;;;;;;;;;;
Cardamine amara;GW 3-5-1;;;;;;;;;;;;;;;;;
Cardamine hirsuta;GW 3-5-1;;;;;;;;;;;;;;;;;
Carex humilis;GW 3-5-1;;;;;;;;;;;;;;;;;
Carex montana;GW 3-5-1;;;;;;;;;;;;;;;;;
Carex spicata cf;GW 3-5-1;;;;;;;;;;;;;;;;;
Carex sylvatica;GW 3-5-1;;;;;;;;;;;;;;;;;
Carum carvi;GW 3-5-1;;;;;;;;;;;;;;;;;
Centaurea jacea;GW 3-5-1;;;;;;;;;;;;;;;;;
Cerastium holosteoides;GW 3-5-1;;;;;;;;;;;;;1;2;;;
Chaerophyllum temulum;GW 3-5-1;;;;;;;;;;;;;;;;;
Crepis aurea;GW 3-5-1;;;;;;;;;;;;;;;;;
Crepis biennis;GW 3-5-1;;;;;;;;;;;;;;;;;
Crocus albiflorus;GW 3-5-1;;;;;;;;;;;;;;;;;
Cynosurus cristatus;GW 3-5-1;;;;;;;;;;;;;;;;;
Dactylis glomerata;GW 3-5-1;;;;;;;;;;;;;;;;;
Daucus carota;GW 3-5-1;;;;;;;;;;;;;;;;;
Deschampsia flexuosa;GW 3-5-1;;;;;;;;;;;;;;;;;
Draba verna;GW 3-5-1;;;;;;;;;;;;;;;;;
Elymus caninus;GW 3-5-1;;;;;;;;;;;;;;;;;
Elymus repens;GW 3-5-1;;;;;;;;;;;;;;;;;
Equisetum arvense;GW 3-5-1;;;;;;;;;;;;;;;;;
Euphrasia stricta;GW 3-5-1;;;;;;;;;;;;;;;;;
Festuca pratensis;GW 3-5-1;;;;;;;;;;;;;2;4;4;5;3
Festuca rubra;GW 3-5-1;;;;;;;;;;;;;;;;;
Filipendula ulmaria;GW 3-5-1;;;;;;;;;;;;;;;;;
Galium album;GW 3-5-1;;;;;;;;;;;;;;;;;
Geranium rotundifolium;GW 3-5-1;;;;;;;;;;;;;;;;;
Geum rivale;GW 3-5-1;;;;;;;;;;;;;;;;;
Geum urbanum;GW 3-5-1;;;;;;;;;;;;;;;;;
Glechoma hederacea;GW 3-5-1;;;;;;;;;;;;;;;;;
Helictotrichon pubescens;GW 3-5-1;;;;;;;;;;;2;;;;;;
Heracleum sphondylium;GW 3-5-1;;;;;;;;;;;;;;;;;
Hieracium aurantiacum;GW 3-5-1;;;;;;;;;;;;;;;;;
Hieracium Macranthum;GW 3-5-1;;;;;;;;;;;;;;;;;
Hieracium pilosella ;GW 3-5-1;;;;;;;;;;;;;;;;;
Holcus lanatus;GW 3-5-1;;;;;;;;;;;;;;;;;
Hypochaeris radicata;GW 3-5-1;;;;;;;;;;;;;;;;;
Knautia arvensis;GW 3-5-1;;;;;;;;;;;;;;;;;
Lamium purpureum;GW 3-5-1;;;;;;;;;;;;;;;;;
Lathyrus pratensis;GW 3-5-1;;;;;;;;;;;;;;;;;
Leontodon autumnalis;GW 3-5-1;;;;;;;;;;;;;;;;;
Leontodon helveticus;GW 3-5-1;;;;;;;;;;;;;;;;;
Leontodon hispidus;GW 3-5-1;;;;;;;;;;;;;;;;;
Leucanthemum ircutianum;GW 3-5-1;;;;;;;;;;;;;;;;;
Lolium multiflorum;GW 3-5-1;;;;;;;;;;;;;;;;;
Lolium perenne;GW 3-5-1;;;;;;;;;;;;;;;;;
Lotus corniculatus;GW 3-5-1;;;;;;;;;;;;;;;;;
Luzula campestris;GW 3-5-1;;;;;;;;;;;;;;;;;
Lychnis flos-cuculi;GW 3-5-1;;;;;;;;;;;;;;;;;
Myosotis alpestris;GW 3-5-1;;;;;;;;;;;;;;;;;
Peucedanum oreoselinum;GW 3-5-1;;;;;;;;;;;;;;;;;
Phleum pratense;GW 3-5-1;;;;;;;;;;;;;;;;;
Phleum pratensis;GW 3-5-1;;;;;;;;;;;;;;;;;
Pilosella aurantiaca;GW 3-5-1;;;;;;;;;;;;;;;;;
Pilosella piloselloides;GW 3-5-1;;;;;;;;;;;;;;;;;
Pimpinella major;GW 3-5-1;;;;;;;;;;;;;;;;2;4
Pimpinella saxifraga;GW 3-5-1;;;;;;;;;;;;;;;;;
Plantago lanceolata;GW 3-5-1;;;;;;;;;;;;4;;;;;
Poa angustifolia;GW 3-5-1;;;;;;;;;;;;;;;;;
Poa pratense;GW 3-5-1;;;;;;;;;;;;;;;;;
Poa pratensis;GW 3-5-1;;;;;;;;;;;;;1;;;;
Poa trivalis ;GW 3-5-1;;;;;;;;;;;;;;;;;
Poa trivialis;GW 3-5-1;;;;;;;;;;;;;;;;;
Primula veris;GW 3-5-1;;;;;;;;;;;;;;;;;
Prunella vulgaris;GW 3-5-1;;;;;;;;;;;;;;;;;
Ranunculus acris;GW 3-5-1;;;;;;;;;;;;;;;;;
Ranunculus bulbosus;GW 3-5-1;;;;;;;;;;;;;;;;;
Ranunculus ficaria;GW 3-5-1;;;;;;;;;;;;;;;;;
Ranunculus montanus;GW 3-5-1;;;;;;;;;;;;;;;;;
Ranunculus repens;GW 3-5-1;;;;;;;;;;;;;;;;;
Rhinanthus minor;GW 3-5-1;;;;;;;;;;;;;;;;;
Rumex acetosa;GW 3-5-1;;;;;;;;;;;;;;;;;
Rumex sanguineus;GW 3-5-1;;;;;;;;;;;;;;;;;
Silene alba;GW 3-5-1;;;;;;;;;;;;;;;;;
Silene flos-cuculi;GW 3-5-1;;;;;;;;;;;;;;;;;
Stellaria media;GW 3-5-1;;;;;;;;;;;;;;;;;
Taraxacum officinale;GW 3-5-1;;;;;;;;;;;;;;;;;
Taraxacum sect Ruderalia;GW 3-5-1;;;;;;;;;;;;;;;;;
Thlaspi arvense;GW 3-5-1;;;;;;;;;;;;;;;;;
Tragopodon pratensis;GW 3-5-1;;;;;;;;;;;;;;;;;
Trifolium dubium;GW 3-5-1;;;;;;;;;;;;;;;;;
Trifolium incarnatum;GW 3-5-1;;;;;;;;;;;;;;;;;
Trifolium medium;GW 3-5-1;;;;;;;;;;;;;;;;;
Trifolium pratense;GW 3-5-1;;;;;;;;;;;;;;;;;
Trifolium repens;GW 3-5-1;;;;;;;;;;;;;;;;;
Trisetum flavescens;GW 3-5-1;;;;;;;;;;;;;;2;2;1;
Trollius europaeus;GW 3-5-1;;;;;;;;;;;;;;;;;
Veronica arvensis;GW 3-5-1;;;;;;;;;;;;;;;;;
Veronica chamaedrys;GW 3-5-1;;;;;;;;;;;;2;;;;;
Veronica filiformis;GW 3-5-1;;;;;;;;;;;;;;;;;
Veronica hederifolia;GW 3-5-1;;;;;;;;;;;;;;;;;
Veronica persica;GW 3-5-1;;;;;;;;;;;;;;;;;
Veronica polita;GW 3-5-1;;;;;;;;;;;;;;;;;
Veronica serpyllifolia;GW 3-5-1;;;;;;;;;;;;;;;;;
Vicia angustifolia;GW 3-5-1;;;;;;;;;;;;;;;;;
Vicia cracca;GW 3-5-1;;;;;;;;;;;;;;;;;
Vicia hirsuta;GW 3-5-1;;;;;;;;;;;;;;;;;
Vicia sepium;GW 3-5-1;;;;;;;;;;;;;;;;;
Vicia tetrasperma;GW 3-5-1;;;;;;;;;;;;;;;;;
Achillea millefolium;GW 3-9-1;;;;;;;;;;;;;;;;;
Agrostis capillaris;GW 3-9-1;;;;;;;;;;;;;;;;;
Agrostis gigantea;GW 3-9-1;;;;;;;;;;;;;;;;;
Agrostis stolonifera;GW 3-9-1;;;;;;;;;;;;;;;;;
Ajuga reptans;GW 3-9-1;;;;;;;;;;;;;;;;;
Alchemilla monticula;GW 3-9-1;;;;;;;;;;;;;;;;;
Alchemilla vulgaris;GW 3-9-1;;;;;;;;;;;;;;;;;
Alopecurus pratensis;GW 3-9-1;;;;;;;;;;;;;;;;;
Anthoxanthum odoratum;GW 3-9-1;;;;;;;;1;2;3;4;3;3;3;3;;
Arabidopsis thaliana;GW 3-9-1;;;;;;;;;;;;;;;;;
Arrhenatherum elatius;GW 3-9-1;;;;;;;;;;;;;;;;;
Bellis perennis;GW 3-9-1;;;;;;;;;;;;;;;;;
Bistorta officianilis;GW 3-9-1;;;;;;;;;;;;;;;;;
Briza media;GW 3-9-1;;;;;;;;;;;;;;;;;
Cardamine amara;GW 3-9-1;;;;;;;;;;;;;;;;;
Cardamine hirsuta;GW 3-9-1;;;;;;;;;;;;;;;;;
Carex humilis;GW 3-9-1;;;;;;;;;;;;;;;;;
Carex montana;GW 3-9-1;;;;;;;;;;;;;;;;;
Carex spicata cf;GW 3-9-1;;;;;;;;;;;;;;;;;
Carex sylvatica;GW 3-9-1;;;;;;;;;;;;;;;;;
Carum carvi;GW 3-9-1;;;;;;;;;;;;;;;;;
Centaurea jacea;GW 3-9-1;;;;;;;;;;;;;;;;;
Cerastium holosteoides;GW 3-9-1;;;;;;;;;;;;;;;;;
Chaerophyllum temulum;GW 3-9-1;;;;;;;;;;;;;;;;;
Crepis aurea;GW 3-9-1;;;;;;;;;;;;;;;;;
Crepis biennis;GW 3-9-1;;;;;;;;;;;;;;;;;
Crocus albiflorus;GW 3-9-1;;;;;;;;;;;;;;;;;
Cynosurus cristatus;GW 3-9-1;;;;;;;;;;;;;;;;;
Dactylis glomerata;GW 3-9-1;;;;;;;;;;;;;;;;;
Daucus carota;GW 3-9-1;;;;;;;;;;;;;;;;;
Deschampsia flexuosa;GW 3-9-1;;;;;;;;;;;;;;;;;
Draba verna;GW 3-9-1;;;;;;;;;;;;;;;;;
Elymus caninus;GW 3-9-1;;;;;;;;;;;;;;;;;
Elymus repens;GW 3-9-1;;;;;;;;;;;;;;;;;
Equisetum arvense;GW 3-9-1;;;;;;;;;;;;;;;;;
Euphrasia stricta;GW 3-9-1;;;;;;;;;;;;;;;;;
Festuca pratensis;GW 3-9-1;;;;;;;;;;;;;2;2;2;2;
Festuca rubra;GW 3-9-1;;;;;;;;;;;;;;;;;
Filipendula ulmaria;GW 3-9-1;;;;;;;;;;;;;;;;;
Galium album;GW 3-9-1;;;;;;;;;;;;;;;;;
Geranium rotundifolium;GW 3-9-1;;;;;;;;;;;;;;;;;
Geum rivale;GW 3-9-1;;;;;;;;;;;;;;;;;
Geum urbanum;GW 3-9-1;;;;;;;;;;;;;;;;;
Glechoma hederacea;GW 3-9-1;;;;;;;;;;;;;;;;;
Helictotrichon pubescens;GW 3-9-1;;;;;;;;;;;;;;;;;
Heracleum sphondylium;GW 3-9-1;;;;;;;;;;;;;;;;;
Hieracium aurantiacum;GW 3-9-1;;;;;;;;;;;;;;;;;
Hieracium Macranthum;GW 3-9-1;;;;;;;;;;;;;;;;;
Hieracium pilosella ;GW 3-9-1;;;;;;;;;;;;;;;;;
Holcus lanatus;GW 3-9-1;;;;;;;;;;;;;;;;;
Hypochaeris radicata;GW 3-9-1;;;;;;;;;;;;;;;;;
Knautia arvensis;GW 3-9-1;;;;;;;;;;;;;;;;;
Lamium purpureum;GW 3-9-1;;;;;;;;;;;;;;;;;
Lathyrus pratensis;GW 3-9-1;;;;;;;;;;;;;;;;;
Leontodon autumnalis;GW 3-9-1;;;;;;;;;;;;;;;;;
Leontodon helveticus;GW 3-9-1;;;;;;;;;;;;;;;;;
Leontodon hispidus;GW 3-9-1;;;;;;;;;;;;;;;;;
Leucanthemum ircutianum;GW 3-9-1;;;;;;;;;;;;;;;;;
Lolium multiflorum;GW 3-9-1;;;;;;;;;;;;;;;;;
Lolium perenne;GW 3-9-1;;;;;;;;;;;;;;;;;
Lotus corniculatus;GW 3-9-1;;;;;;;;;;;;;;;;;
Luzula campestris;GW 3-9-1;;;;;;;;;;;;;;;;;
Lychnis flos-cuculi;GW 3-9-1;;;;;;;;;;;;;;;;;
Myosotis alpestris;GW 3-9-1;;;;;;;;;;;;;;;;;
Peucedanum oreoselinum;GW 3-9-1;;;;;;;;;;;;;;;;;
Phleum pratense;GW 3-9-1;;;;;;;;;;;;;;;;;
Phleum pratensis;GW 3-9-1;;;;;;;;;;;;;;;;;
Pilosella aurantiaca;GW 3-9-1;;;;;;;;;;;;;;;;;
Pilosella piloselloides;GW 3-9-1;;;;;;;;;;;;;;;;;
Pimpinella major;GW 3-9-1;;;;;;;;;;;;;;;;1;4
Pimpinella saxifraga;GW 3-9-1;;;;;;;;;;;;;;;;;
Plantago lanceolata;GW 3-9-1;;;;;;;;;;;4;;;;5;8;2
Poa angustifolia;GW 3-9-1;;;;;;;;;;;;;;;;;
Poa pratense;GW 3-9-1;;;;;;;;;;;;;;;;;
Poa pratensis;GW 3-9-1;;;;;;;;;;;;;;;;;
Poa trivalis ;GW 3-9-1;;;;;;;;;;;;;;;;;
Poa trivialis;GW 3-9-1;;;;;;;;;;;;;;;;;
Primula veris;GW 3-9-1;;;;;;;;;;;;;;;;;
Prunella vulgaris;GW 3-9-1;;;;;;;;;;;;;;;;;
Ranunculus acris;GW 3-9-1;;;;;;;;;;;;;;;;;
Ranunculus bulbosus;GW 3-9-1;;;;;;;;;;;;;;;;;
Ranunculus ficaria;GW 3-9-1;;;;;;;;;;;;;;;;;
Ranunculus montanus;GW 3-9-1;;;;;;;;;;;;;;;;;
Ranunculus repens;GW 3-9-1;;;;;;;;;;;;;;;;;
Rhinanthus minor;GW 3-9-1;;;;;;;;;;;;;;;;;
Rumex acetosa;GW 3-9-1;;;;;;;;;;;;;;;;;
Rumex sanguineus;GW 3-9-1;;;;;;;;;;;;;;;;;
Silene alba;GW 3-9-1;;;;;;;;;;;;;;;;;
Silene flos-cuculi;GW 3-9-1;;;;;;;;;;;;;;;;;
Stellaria media;GW 3-9-1;;;;;;;;;;;;;;;;;
Taraxacum officinale;GW 3-9-1;;;;;;;;;;1;;;;;;;
Taraxacum sect Ruderalia;GW 3-9-1;;;;;;;;;;;;;;;;;
Thlaspi arvense;GW 3-9-1;;;;;;;;;;;;;;;;;
Tragopodon pratensis;GW 3-9-1;;;;;;;;;;;;;;;;;
Trifolium dubium;GW 3-9-1;;;;;;;;;;;;;;;;;
Trifolium incarnatum;GW 3-9-1;;;;;;;;;;;;;;;;;
Trifolium medium;GW 3-9-1;;;;;;;;;;;;;;;;;
Trifolium pratense;GW 3-9-1;;;;;;;;;;;;;;;;;
Trifolium repens;GW 3-9-1;;;;;;;;;;;;;;;;;
Trisetum flavescens;GW 3-9-1;;;;;;;;;;;;;;;;;
Trollius europaeus;GW 3-9-1;;;;;;;;;;;;;;;;;
Veronica arvensis;GW 3-9-1;;;;;;;;;;;;;;;;;
Veronica chamaedrys;GW 3-9-1;;;;;;;;;;;;;7;;;;
Veronica filiformis;GW 3-9-1;;;;;;;;;;;;;;;;;
Veronica hederifolia;GW 3-9-1;;;;;;;;;;;;;;;;;
Veronica persica;GW 3-9-1;;;;;;;;;;;;;;;;;
Veronica polita;GW 3-9-1;;;;;;;;;;;;;;;;;
Veronica serpyllifolia;GW 3-9-1;;;;;;;;;;;;;;;;;
Vicia angustifolia;GW 3-9-1;;;;;;;;;;;;;;;;;
Vicia cracca;GW 3-9-1;;;;;;;;;;;;;;;;;
Vicia hirsuta;GW 3-9-1;;;;;;;;;;;;;;;;;
Vicia sepium;GW 3-9-1;;;;;;;;;;;;;;;;;
Vicia tetrasperma;GW 3-9-1;;;;;;;;;;;;;;;;;
Achillea millefolium;GW 3-4-2;;;;;;;;;;;;;;;;;
Agrostis capillaris;GW 3-4-2;;;;;;;;;;;;;;;;;
Agrostis gigantea;GW 3-4-2;;;;;;;;;;;;;;;;;
Agrostis stolonifera;GW 3-4-2;;;;;;;;;;;;;;;;;
Ajuga reptans;GW 3-4-2;;;;;;;;;;;;;;;;;
Alchemilla monticula;GW 3-4-2;;;;;;;;;;;;;;;;;
Alchemilla vulgaris;GW 3-4-2;;;;;;;;;;;;;;;;;
Alopecurus pratensis;GW 3-4-2;;;;;;;;;;;;;;;;;
Anthoxanthum odoratum;GW 3-4-2;;;;;;;;;;;;;;;;;
Arabidopsis thaliana;GW 3-4-2;;;;;;;;;;;;;;;;;
Arrhenatherum elatius;GW 3-4-2;;;;;;;;;;;;;;;;;
Bellis perennis;GW 3-4-2;;;;;;;;;;;;;;;;;
Bistorta officianilis;GW 3-4-2;;;;;;;;;;;;;;;;;
Briza media;GW 3-4-2;;;;;;;;;;;;;;;;;
Cardamine amara;GW 3-4-2;;;;;;;;;;;;;;;;;
Cardamine hirsuta;GW 3-4-2;;;;;;;;;;;;;;;;;
Carex humilis;GW 3-4-2;;;;;;;;;;;;;;;;;
Carex montana;GW 3-4-2;;;;;;;;;;;;;;;;;
Carex spicata cf;GW 3-4-2;;;;;;;;;;;;;;;;;
Carex sylvatica;GW 3-4-2;;;;;;;;;;;;;;;;;
Carum carvi;GW 3-4-2;;;;;;;;;;;;;;;;;
Centaurea jacea;GW 3-4-2;;;;;;;;;;;;;;;;;
Cerastium holosteoides;GW 3-4-2;;;;;;;;;;;;;;;;;
Chaerophyllum temulum;GW 3-4-2;;;;;;;;;;;;;;;;;
Crepis aurea;GW 3-4-2;;;;;;;;;;;;;;;;;
Crepis biennis;GW 3-4-2;;;;;;;;;;;;;;;;;
Crocus albiflorus;GW 3-4-2;;;;;;;;;;;;;;;;;
Cynosurus cristatus;GW 3-4-2;;;;;;;;;;;;;;;;;
Dactylis glomerata;GW 3-4-2;;;;;;;;;;;;;;;;;
Daucus carota;GW 3-4-2;;;;;;;;;;;;;;;;;
Deschampsia flexuosa;GW 3-4-2;;;;;;;;;;;;;;;;;
Draba verna;GW 3-4-2;;;;;;;;;;;;;;;;;
Elymus caninus;GW 3-4-2;;;;;;;;;;;;;;;;;
Elymus repens;GW 3-4-2;;;;;;;;;;;;;;;;;
Equisetum arvense;GW 3-4-2;;;;;;;;;;;;;;;;;
Euphrasia stricta;GW 3-4-2;;;;;;;;;;;;;;;;;
Festuca pratensis;GW 3-4-2;;;;;;;;;;;;;;;;;
Festuca rubra;GW 3-4-2;;;;;;;;;;;;;;;;;
Filipendula ulmaria;GW 3-4-2;;;;;;;;;;;;;;;;;
Galium album;GW 3-4-2;;;;;;;;;;;;;;;;;
Geranium rotundifolium;GW 3-4-2;;;;;;;;;;;;;;;;;
Geum rivale;GW 3-4-2;;;;;;;;;;;;;;;;;
Geum urbanum;GW 3-4-2;;;;;;;;;;;;;;;;;
Glechoma hederacea;GW 3-4-2;;;;;;;;;;;;;;;;;
Helictotrichon pubescens;GW 3-4-2;;;;;;;;;;;;;;3;2;;
Heracleum sphondylium;GW 3-4-2;;;;;;;;;;;;;;;;;
Hieracium aurantiacum;GW 3-4-2;;;;;;;;;;;;;;;;;
Hieracium Macranthum;GW 3-4-2;;;;;;;;;;;;;;;;;
Hieracium pilosella ;GW 3-4-2;;;;;;;;;;;;;;;;;
Holcus lanatus;GW 3-4-2;;;;;;;;;;;;;;;;;
Hypochaeris radicata;GW 3-4-2;;;;;;;;;;;;;;;;;
Knautia arvensis;GW 3-4-2;;;;;;;;;;;;;;;;;
Lamium purpureum;GW 3-4-2;;;;;;;;;;;;;;;;;
Lathyrus pratensis;GW 3-4-2;;;;;;;;;;;;;;;;;
Leontodon autumnalis;GW 3-4-2;;;;;;;;;;;;;;;;;
Leontodon helveticus;GW 3-4-2;;;;;;;;;;;;;;;;;
Leontodon hispidus;GW 3-4-2;;;;;;;;;;;;;;;;;
Leucanthemum ircutianum;GW 3-4-2;;;;;;;;;;;;;;;;;
Lolium multiflorum;GW 3-4-2;;;;;;;;;;;;;;;;;
Lolium perenne;GW 3-4-2;;;;;;;;;;;;;;;;;
Lotus corniculatus;GW 3-4-2;;;;;;;;;;;;;;;;;
Luzula campestris;GW 3-4-2;;;;;;;;;;;;;;;;;
Lychnis flos-cuculi;GW 3-4-2;;;;;;;;;;;;;;;;;
Myosotis alpestris;GW 3-4-2;;;;;;;;;;;;;;;;;
Peucedanum oreoselinum;GW 3-4-2;;;;;;;;;;;;;;;;;
Phleum pratense;GW 3-4-2;;;;;;;;;;;;;;;;;
Phleum pratensis;GW 3-4-2;;;;;;;;;;;;;;;;;
Pilosella aurantiaca;GW 3-4-2;;;;;;;;;;;;;;;;;
Pilosella piloselloides;GW 3-4-2;;;;;;;;;;;;;;;;;
Pimpinella major;GW 3-4-2;;;;;;;;;;;;;;;;;
Pimpinella saxifraga;GW 3-4-2;;;;;;;;;;;;;;;;;
Plantago lanceolata;GW 3-4-2;;;;;;;;;;;;;;;;1;2
Poa angustifolia;GW 3-4-2;;;;;;;;;;;;;;;;;
Poa pratense;GW 3-4-2;;;;;;;;;;;;;;;;;
Poa pratensis;GW 3-4-2;;;;;;;;;;;;;;;;;
Poa trivalis ;GW 3-4-2;;;;;;;;;;;;;;;;;
Poa trivialis;GW 3-4-2;;;;;;;;;;;;;;;;;
Primula veris;GW 3-4-2;;;;;;;;;;;;;;;;;
Prunella vulgaris;GW 3-4-2;;;;;;;;;;;;;;;;;
Ranunculus acris;GW 3-4-2;;;;;;;;;;;;;;;;;
Ranunculus bulbosus;GW 3-4-2;;;;;;;;;;;;;;;;;
Ranunculus ficaria;GW 3-4-2;;;;;;;;;;;;;;;;;
Ranunculus montanus;GW 3-4-2;;;;;;;;;;;;;;;;;
Ranunculus repens;GW 3-4-2;;;;;;;;;;;;;;;;;
Rhinanthus minor;GW 3-4-2;;;;;;;;;;;;;;;;;
Rumex acetosa;GW 3-4-2;;;;;;;;;;;;;;;;;
Rumex sanguineus;GW 3-4-2;;;;;;;;;;;;;;;;;
Silene alba;GW 3-4-2;;;;;;;;;;;;;;;;;
Silene flos-cuculi;GW 3-4-2;;;;;;;;;;;;;;;;;
Stellaria media;GW 3-4-2;;;;;;;;;;;;;;;;;
Taraxacum officinale;GW 3-4-2;;;;;;;;;;;;;;;;;
Taraxacum sect Ruderalia;GW 3-4-2;;;;;;;;;;;;;;;;;
Thlaspi arvense;GW 3-4-2;;;;;;;;;;;;;;;;;
Tragopodon pratensis;GW 3-4-2;;;;;;;;;;;;;;;;;
Trifolium dubium;GW 3-4-2;;;;;;;;;;;;;;;;;
Trifolium incarnatum;GW 3-4-2;;;;;;;;;;;;;;;;;
Trifolium medium;GW 3-4-2;;;;;;;;;;;;;;;;;
Trifolium pratense;GW 3-4-2;;;;;;;;;;;;;;;;;
Trifolium repens;GW 3-4-2;;;;;;;;;;;;;;;;;
Trisetum flavescens;GW 3-4-2;;;;;;;;;;;;9;17;17;15;10;3
Trollius europaeus;GW 3-4-2;;;;;;;;;;;;;;;;;
Veronica arvensis;GW 3-4-2;;;;;;;;;;;;;;;;;
Veronica chamaedrys;GW 3-4-2;;;;;;;;;;;;;;;;;
Veronica filiformis;GW 3-4-2;;;;;;;;2;3;2;4;4;2;4;3;;
Veronica hederifolia;GW 3-4-2;;;;;;;;;;;;;;;;;
Veronica persica;GW 3-4-2;;;;;;;;;;;;;;;;;
Veronica polita;GW 3-4-2;;;;;;;;;;;;;;;;;
Veronica serpyllifolia;GW 3-4-2;;;;;;;;;;;;;;;;;
Vicia angustifolia;GW 3-4-2;;;;;;;;;;;;;;;;;
Vicia cracca;GW 3-4-2;;;;;;;;;;;;;;;;;
Vicia hirsuta;GW 3-4-2;;;;;;;;;;;;;;;;;
Vicia sepium;GW 3-4-2;;;;;;;;;;;;;;;;;
Vicia tetrasperma;GW 3-4-2;;;;;;;;;;;;;;;;;
Achillea millefolium;EB 1-4-2;;;;;;;;;;;;;;;;;
Agrostis capillaris;EB 1-4-2;;;;;;;;;;;;;;;;1;
Agrostis gigantea;EB 1-4-2;;;;;;;;;;;;;;;;;
Agrostis stolonifera;EB 1-4-2;;;;;;;;;;;;;;;;;
Ajuga reptans;EB 1-4-2;;;;;;;;;;;;;;;;;
Alchemilla monticula;EB 1-4-2;;;;;;;;;;;;;;;;;
Alchemilla vulgaris;EB 1-4-2;;;;;;;;;;;;;;;;;
Alopecurus pratensis;EB 1-4-2;;;;;;;;;;;;;;;;;
Anthoxanthum odoratum;EB 1-4-2;;;;;;;;;;;;;;;;;
Arabidopsis thaliana;EB 1-4-2;;;;;;;;;;;;;;;;;
Arrhenatherum elatius;EB 1-4-2;;;;;;;;;;;;;;;;;
Bellis perennis;EB 1-4-2;;;;;;;;;;;;;;;;;
Bistorta officianilis;EB 1-4-2;;;;;;;;;;;;;;;;;
Briza media;EB 1-4-2;;;;;;;;;;;;;;;;;
Cardamine amara;EB 1-4-2;;;;;;;;;;;;;;;;;
Cardamine hirsuta;EB 1-4-2;;;;;;;;;;;;;;;;;
Carex humilis;EB 1-4-2;;;;;;;;;;;;;;;;;
Carex montana;EB 1-4-2;;;;;;;;;;;;;;;;;
Carex spicata cf;EB 1-4-2;;;;;;;;;;;;;;;;;
Carex sylvatica;EB 1-4-2;;;;;;;;;;;;;;;;;
Carum carvi;EB 1-4-2;;;;;;;;;;;;;;;;;
Centaurea jacea;EB 1-4-2;;;;;;;;;;;;;;;;;
Cerastium holosteoides;EB 1-4-2;;;;;;;;;;;;;;;;;
Chaerophyllum temulum;EB 1-4-2;;;;;;;;;;;;;;;;;
Crepis aurea;EB 1-4-2;;;;;;;;;;;;;;;;;
Crepis biennis;EB 1-4-2;;;;;;;;;;;;;;;;;
Crocus albiflorus;EB 1-4-2;;;;;;;;;;;;;;;;;
Cynosurus cristatus;EB 1-4-2;;;;;;;;;;;;;;;;;
Dactylis glomerata;EB 1-4-2;;;;;;;;;;;;;1;1;;;
Daucus carota;EB 1-4-2;;;;;;;;;;;;;;;;;
Deschampsia flexuosa;EB 1-4-2;;;;;;;;;;;;;;;;;
Draba verna;EB 1-4-2;;;;;;;;;;;;;;;;;
Elymus caninus;EB 1-4-2;;;;;;;;;;;;;;;;;
Elymus repens;EB 1-4-2;;;;;;;;;;;;;;2;5;8;7
Equisetum arvense;EB 1-4-2;;;;;;;;;;;;;;;;;
Euphrasia stricta;EB 1-4-2;;;;;;;;;;;;;;;;;
Festuca pratensis;EB 1-4-2;;;;;;;;;;;;;;3;3;2;
Festuca rubra;EB 1-4-2;;;;;;;;;;;;;;;;;
Filipendula ulmaria;EB 1-4-2;;;;;;;;;;;;;;;;;
Galium album;EB 1-4-2;;;;;;;;;;;;;;;;;
Geranium rotundifolium;EB 1-4-2;;;;;;;;;;;;;;;;;
Geum rivale;EB 1-4-2;;;;;;;;;;;;;;;;;
Geum urbanum;EB 1-4-2;;;;;;;;;;;;;;;;;
Glechoma hederacea;EB 1-4-2;;;;;;;;;;;;;;;;;
Helictotrichon pubescens;EB 1-4-2;;;;;;;;;;;;;2;;;;
Heracleum sphondylium;EB 1-4-2;;;;;;;;;;;;;;;;;
Hieracium aurantiacum;EB 1-4-2;;;;;;;;;;;;;;;;;
Hieracium Macranthum;EB 1-4-2;;;;;;;;;;;;;;;;;
Hieracium pilosella ;EB 1-4-2;;;;;;;;;;;;;;;;;
Holcus lanatus;EB 1-4-2;;;;;;;;;;;;;;;;;
Hypochaeris radicata;EB 1-4-2;;;;;;;;;;;;;;;;;
Knautia arvensis;EB 1-4-2;;;;;;;;;;;;;;;;;
Lamium purpureum;EB 1-4-2;;;;;;;;;;;;;;;;;
Lathyrus pratensis;EB 1-4-2;;;;;;;;;;;;;;;;;
Leontodon autumnalis;EB 1-4-2;;;;;;;;;;;;;;;;;
Leontodon helveticus;EB 1-4-2;;;;;;;;;;;;;;;;;
Leontodon hispidus;EB 1-4-2;;;;;;;;;;;;;;;;;
Leucanthemum ircutianum;EB 1-4-2;;;;;;;;;;;;;;;;;
Lolium multiflorum;EB 1-4-2;;;;;;;;;;;;;;;;;
Lolium perenne;EB 1-4-2;;;;;;;;;;;;;;;;;
Lotus corniculatus;EB 1-4-2;;;;;;;;;;;;;;;;;
Luzula campestris;EB 1-4-2;;;;;;;;;;;;;;;;;
Lychnis flos-cuculi;EB 1-4-2;;;;;;;;;;;;;;;;;
Myosotis alpestris;EB 1-4-2;;;;;;;;;;;;;;;;;
Peucedanum oreoselinum;EB 1-4-2;;;;;;;;;;;;;;;;;
Phleum pratense;EB 1-4-2;;;;;;;;;;;;;;;;;
Phleum pratensis;EB 1-4-2;;;;;;;;;;;;;;;;;
Pilosella aurantiaca;EB 1-4-2;;;;;;;;;;;;;;;;;
Pilosella piloselloides;EB 1-4-2;;;;;;;;;;;;;;;;;
Pimpinella major;EB 1-4-2;;;;;;;;;;;;;;;;;
Pimpinella saxifraga;EB 1-4-2;;;;;;;;;;;;;;;;;
Plantago lanceolata;EB 1-4-2;;;;;;;;;;;;;;;;;
Poa angustifolia;EB 1-4-2;;;;;;;;;;;;;;;;;
Poa pratense;EB 1-4-2;;;;;;;;;;;;;;;;;
Poa pratensis;EB 1-4-2;;;;;;;;;;;;1;4;4;3;3;3
Poa trivalis ;EB 1-4-2;;;;;;;;;;;;;;;;;
Poa trivialis;EB 1-4-2;;;;;;;;;;;;;;;;;
Primula veris;EB 1-4-2;;;;;;;;;;;;;;;;;
Prunella vulgaris;EB 1-4-2;;;;;;;;;;;;;;;;;
Ranunculus acris;EB 1-4-2;;;;;;;1;1;;1;2;6;9;2;1;;
Ranunculus bulbosus;EB 1-4-2;;;;;;;;;;;;;;;;;
Ranunculus ficaria;EB 1-4-2;;;;;;;;;;;;;;;;;
Ranunculus montanus;EB 1-4-2;;;;;;;;;;;;;;;;;
Ranunculus repens;EB 1-4-2;;;;;;;;;;;;;;;;;
Rhinanthus minor;EB 1-4-2;;;;;;;;;;;;;;;;;
Rumex acetosa;EB 1-4-2;;;;;;;;;;;;;;;;;
Rumex sanguineus;EB 1-4-2;;;;;;;;;;;;;;;;;
Silene alba;EB 1-4-2;;;;;;;;;;;;;;;;;
Silene flos-cuculi;EB 1-4-2;;;;;;;;;;;;;;;;;
Stellaria media;EB 1-4-2;;;;;;;;;;;;;;;;;
Taraxacum officinale;EB 1-4-2;;;;;;;;;;4;1;;;;;;
Taraxacum sect Ruderalia;EB 1-4-2;;;;;;;;;;;;;;;;;
Thlaspi arvense;EB 1-4-2;;;;;;;;;;;;;;;;;
Tragopodon pratensis;EB 1-4-2;;;;;;;;;;;;;;;;;
Trifolium dubium;EB 1-4-2;;;;;;;;;;;;;;;;;
Trifolium incarnatum;EB 1-4-2;;;;;;;;;;;;;;;;;
Trifolium medium;EB 1-4-2;;;;;;;;;;;;;;;;;
Trifolium pratense;EB 1-4-2;;;;;;;;;;;;;;;;;
Trifolium repens;EB 1-4-2;;;;;;;;;;;;;;;;;
Trisetum flavescens;EB 1-4-2;;;;;;;;;;;;;;4;3;2;1
Trollius europaeus;EB 1-4-2;;;;;;;;;;;;;;;;;
Veronica arvensis;EB 1-4-2;;;;;;;;;;;;;;;;;
Veronica chamaedrys;EB 1-4-2;;;;;;;;;;;;;;;;;
Veronica filiformis;EB 1-4-2;;;;;;;;;;;;;;;;;
Veronica hederifolia;EB 1-4-2;;;;;;;;;;;;;;;;;
Veronica persica;EB 1-4-2;;;;;;;;;;;;;;;;;
Veronica polita;EB 1-4-2;;;;;;;;;;;;;;;;;
Veronica serpyllifolia;EB 1-4-2;;;;;;;;;;;;;;;;;
Vicia angustifolia;EB 1-4-2;;;;;;;;;;;;;;;;;
Vicia cracca;EB 1-4-2;;;;;;;;;;;;;;;;;
Vicia hirsuta;EB 1-4-2;;;;;;;;;;;;;;;;;
Vicia sepium;EB 1-4-2;;;;;;;;;;;;;;;;;
Vicia tetrasperma;EB 1-4-2;;;;;;;;;;;;;;;;;
Achillea millefolium;EB 1-8-2;;;;;;;;;;;;;;;;;
Agrostis capillaris;EB 1-8-2;;;;;;;;;;;;;;;;3;5
Agrostis gigantea;EB 1-8-2;;;;;;;;;;;;;;;;;
Agrostis stolonifera;EB 1-8-2;;;;;;;;;;;;;;;;;
Ajuga reptans;EB 1-8-2;;;;;;;;;;;;;;;;;
Alchemilla monticula;EB 1-8-2;;;;;;;;;;;;;;;;;
Alchemilla vulgaris;EB 1-8-2;;;;;;;;;;;;;;;;;
Alopecurus pratensis;EB 1-8-2;;;;;;;;;;;;;;;;;
Anthoxanthum odoratum;EB 1-8-2;;;;;;;;;;;;;;;;;
Arabidopsis thaliana;EB 1-8-2;;;;;;;;;;;;;;;;;
Arrhenatherum elatius;EB 1-8-2;;;;;;;;;;;;;;;;;
Bellis perennis;EB 1-8-2;;;;;;;;;;;;;;;;;
Bistorta officianilis;EB 1-8-2;;;;;;;;;;;;;;;;;
Briza media;EB 1-8-2;;;;;;;;;;;;;;;;;
Cardamine amara;EB 1-8-2;;;;;;;;;;;;;;;;;
Cardamine hirsuta;EB 1-8-2;;;;;;;;;;;;;;;;;
Carex humilis;EB 1-8-2;;;;;;;;;;;;;;;;;
Carex montana;EB 1-8-2;;;;;;;;;;;;;;;;;
Carex spicata cf;EB 1-8-2;;;;;;;;;;;;;;;;;
Carex sylvatica;EB 1-8-2;;;;;;;;;;;;;;;;;
Carum carvi;EB 1-8-2;;;;;;;;;;;;;;;;;
Centaurea jacea;EB 1-8-2;;;;;;;;;;;;;;;;;
Cerastium holosteoides;EB 1-8-2;;;;;;;;;;;;;;1;5;4;
Chaerophyllum temulum;EB 1-8-2;;;;;;;;;;;;;;;;;
Crepis aurea;EB 1-8-2;;;;;;;;;;;;;;;;;
Crepis biennis;EB 1-8-2;;;;;;;;;;;;;;;;;
Crocus albiflorus;EB 1-8-2;;;1;1;;;;;;;;;;;;;
Cynosurus cristatus;EB 1-8-2;;;;;;;;;;;;;;;;;
Dactylis glomerata;EB 1-8-2;;;;;;;;;;;;;;;;;
Daucus carota;EB 1-8-2;;;;;;;;;;;;;;;;;
Deschampsia flexuosa;EB 1-8-2;;;;;;;;;;;;;;;;;
Draba verna;EB 1-8-2;;;;;;;;;;;;;;;;;
Elymus caninus;EB 1-8-2;;;;;;;;;;;;;;;;;
Elymus repens;EB 1-8-2;;;;;;;;;;;;;;3;6;7;5
Equisetum arvense;EB 1-8-2;;;;;;;;;;;;;;;;;
Euphrasia stricta;EB 1-8-2;;;;;;;;;;;;;;;;;
Festuca pratensis;EB 1-8-2;;;;;;;;;;;;;;;;;
Festuca rubra;EB 1-8-2;;;;;;;;;;;;;;;;;
Filipendula ulmaria;EB 1-8-2;;;;;;;;;;;;;;;;;
Galium album;EB 1-8-2;;;;;;;;;;;;;;;2;5;
Geranium rotundifolium;EB 1-8-2;;;;;;;;;;;;;;;;;
Geum rivale;EB 1-8-2;;;;;;;;;;;;;;;;;
Geum urbanum;EB 1-8-2;;;;;;;;;;;;;;;;;
Glechoma hederacea;EB 1-8-2;;;;;;;;;;;;;;;;;
Helictotrichon pubescens;EB 1-8-2;;;;;;;;;;;;;1;;;;
Heracleum sphondylium;EB 1-8-2;;;;;;;;;;;;;;;;;
Hieracium aurantiacum;EB 1-8-2;;;;;;;;;;;;;;;;;
Hieracium Macranthum;EB 1-8-2;;;;;;;;;;;;;;;;;
Hieracium pilosella ;EB 1-8-2;;;;;;;;;;;;;;;;;
Holcus lanatus;EB 1-8-2;;;;;;;;;;;;;;;;;
Hypochaeris radicata;EB 1-8-2;;;;;;;;;;;;;;;;;
Knautia arvensis;EB 1-8-2;;;;;;;;;;;;;;;;;
Lamium purpureum;EB 1-8-2;;;;;;;;;;;;;;;;;
Lathyrus pratensis;EB 1-8-2;;;;;;;;;;;;;;;;;
Leontodon autumnalis;EB 1-8-2;;;;;;;;;;;;;;;;;
Leontodon helveticus;EB 1-8-2;;;;;;;;;;;;;;;;;
Leontodon hispidus;EB 1-8-2;;;;;;;;;;;;;;;;;
Leucanthemum ircutianum;EB 1-8-2;;;;;;;;;;;;;;;;;
Lolium multiflorum;EB 1-8-2;;;;;;;;;;;;;;;;;
Lolium perenne;EB 1-8-2;;;;;;;;;;;;;;;;;
Lotus corniculatus;EB 1-8-2;;;;;;;;;;;;;;;;;
Luzula campestris;EB 1-8-2;;;;;;;;;;;;;;;;;
Lychnis flos-cuculi;EB 1-8-2;;;;;;;;;;;;;;;;;
Myosotis alpestris;EB 1-8-2;;;;;;;;;;;;;;;;;
Peucedanum oreoselinum;EB 1-8-2;;;;;;;;;;;;;;;;;
Phleum pratense;EB 1-8-2;;;;;;;;;;;;;;;;;
Phleum pratensis;EB 1-8-2;;;;;;;;;;;;;;;;;
Pilosella aurantiaca;EB 1-8-2;;;;;;;;;;;;;;;;;
Pilosella piloselloides;EB 1-8-2;;;;;;;;;;;;;;;;;
Pimpinella major;EB 1-8-2;;;;;;;;;;;;;;;;;
Pimpinella saxifraga;EB 1-8-2;;;;;;;;;;;;;;;;;
Plantago lanceolata;EB 1-8-2;;;;;;;;;;;;;;;;;
Poa angustifolia;EB 1-8-2;;;;;;;;;;;;;;;;;
Poa pratense;EB 1-8-2;;;;;;;;;;;;;;;;;
Poa pratensis;EB 1-8-2;;;;;;;;;;;;1;;;;;
Poa trivalis ;EB 1-8-2;;;;;;;;;;;;;;;;;
Poa trivialis;EB 1-8-2;;;;;;;;;;;;;;;;;
Primula veris;EB 1-8-2;;;;;;;;;;;;;;;;;
Prunella vulgaris;EB 1-8-2;;;;;;;;;;;;;;;;;
Ranunculus acris;EB 1-8-2;;;;;;;1;3;4;4;8;12;7;1;;;
Ranunculus bulbosus;EB 1-8-2;;;;;;;;;;;;;;;;;
Ranunculus ficaria;EB 1-8-2;;;;;;;;;;;;;;;;;
Ranunculus montanus;EB 1-8-2;;;;;;;;;;;;;;;;;
Ranunculus repens;EB 1-8-2;;;;;;;;;;;;;;;;;
Rhinanthus minor;EB 1-8-2;;;;;;;;;;;;;;;;;
Rumex acetosa;EB 1-8-2;;;;;;;;;;;;;;;;;
Rumex sanguineus;EB 1-8-2;;;;;;;;;;;;;;;;;
Silene alba;EB 1-8-2;;;;;;;;;;;;;;;;;
Silene flos-cuculi;EB 1-8-2;;;;;;;;;;;;;;;;;
Stellaria media;EB 1-8-2;;;;;;;;;;;;;;;;;12
Taraxacum officinale;EB 1-8-2;;;;;;;;;;;;;;;;;
Taraxacum sect Ruderalia;EB 1-8-2;;;;;;;;;;;;;;;;;
Thlaspi arvense;EB 1-8-2;;;;;;;;;;;;;;;;;
Tragopodon pratensis;EB 1-8-2;;;;;;;;;;;;;;;;;
Trifolium dubium;EB 1-8-2;;;;;;;;;;;;;;;;;
Trifolium incarnatum;EB 1-8-2;;;;;;;;;;;;;;;;;
Trifolium medium;EB 1-8-2;;;;;;;;;;;;;;;;;
Trifolium pratense;EB 1-8-2;;;;;;;;;;;;;;;;;
Trifolium repens;EB 1-8-2;;;;;;;;;;;;;;;;;
Trisetum flavescens;EB 1-8-2;;;;;;;;;;;;;;1;1;;
Trollius europaeus;EB 1-8-2;;;;;;;;;;;;;;;;;
Veronica arvensis;EB 1-8-2;;;;;;;;;;;;;;;;;
Veronica chamaedrys;EB 1-8-2;;;;;;;;;;;;;;;;;
Veronica filiformis;EB 1-8-2;;;;;;1;3;4;3;3;8;;16;;;;
Veronica hederifolia;EB 1-8-2;;;;;;;;;;;;;;;;;
Veronica persica;EB 1-8-2;;;;;;;;;;;;;;;;;
Veronica polita;EB 1-8-2;;;;;;;;;;;;;;;;;
Veronica serpyllifolia;EB 1-8-2;;;;;;;;;;;;;;;;;
Vicia angustifolia;EB 1-8-2;;;;;;;;;;;;;;;;;
Vicia cracca;EB 1-8-2;;;;;;;;;;;;;;;;;
Vicia hirsuta;EB 1-8-2;;;;;;;;;;;;;;;;;
Vicia sepium;EB 1-8-2;;;;;;;;;;;1;5;42;45;19;25;
Vicia tetrasperma;EB 1-8-2;;;;;;;;;;;;;;;;;
Achillea millefolium;EB 1-5-1;;;;;;;;;;;;;;;;;
Agrostis capillaris;EB 1-5-1;;;;;;;;;;;;;;;;;
Agrostis gigantea;EB 1-5-1;;;;;;;;;;;;;;;;;
Agrostis stolonifera;EB 1-5-1;;;;;;;;;;;;;;;;1;
Ajuga reptans;EB 1-5-1;;;;;;;;;;;;;;;;;
Alchemilla monticula;EB 1-5-1;;;;;;;;;;;;;;;;;
Alchemilla vulgaris;EB 1-5-1;;;;;;;;;;3;9;;;;;;
Alopecurus pratensis;EB 1-5-1;;;;;;;;;;;;;;;;;
Anthoxanthum odoratum;EB 1-5-1;;;;;;;;;;;;;;;;;
Arabidopsis thaliana;EB 1-5-1;;;;;;;;;;;;;;;;;
Arrhenatherum elatius;EB 1-5-1;;;;;;;;;;;;;;;;;
Bellis perennis;EB 1-5-1;;;;;;;;;;;;;;;;;
Bistorta officianilis;EB 1-5-1;;;;;;;;;;;;;;;;;
Briza media;EB 1-5-1;;;;;;;;;;;;;;;;;
Cardamine amara;EB 1-5-1;;;;;;;;;;;;;;;;;
Cardamine hirsuta;EB 1-5-1;;;;;;;;;;;;;;;;;
Carex humilis;EB 1-5-1;;;;;;;;;;;;;;;;;
Carex montana;EB 1-5-1;;;;;;;;;;;;;;;;;
Carex spicata cf;EB 1-5-1;;;;;;;;;;;;;;;;;
Carex sylvatica;EB 1-5-1;;;;;;;;;;;;;;;;;
Carum carvi;EB 1-5-1;;;;;;;;;;;;;;;;;
Centaurea jacea;EB 1-5-1;;;;;;;;;;;;;;;;;
Cerastium holosteoides;EB 1-5-1;;;;;;;;;;;;;;;;;
Chaerophyllum temulum;EB 1-5-1;;;;;;;;;;;;;;;;;
Crepis aurea;EB 1-5-1;;;;;;;;;;;;;;;;;
Crepis biennis;EB 1-5-1;;;;;;;;;;;;;;;;;
Crocus albiflorus;EB 1-5-1;;;1;1;;;;;;;;;;;;;
Cynosurus cristatus;EB 1-5-1;;;;;;;;;;;;;;;;;
Dactylis glomerata;EB 1-5-1;;;;;;;;;;;;;1;;;;
Daucus carota;EB 1-5-1;;;;;;;;;;;;;;;;;
Deschampsia flexuosa;EB 1-5-1;;;;;;;;;;;;;;;;;
Draba verna;EB 1-5-1;;;;;;;;;;;;;;;;;
Elymus caninus;EB 1-5-1;;;;;;;;;;;;;;;;;
Elymus repens;EB 1-5-1;;;;;;;;;;;;;;4;4;6;4
Equisetum arvense;EB 1-5-1;;;;;;;;;;;;;;;;;
Euphrasia stricta;EB 1-5-1;;;;;;;;;;;;;;;;;
Festuca pratensis;EB 1-5-1;;;;;;;;;;;;;;1;1;2;2
Festuca rubra;EB 1-5-1;;;;;;;;;;;;3;;;;;
Filipendula ulmaria;EB 1-5-1;;;;;;;;;;;;;;;;;
Galium album;EB 1-5-1;;;;;;;;;;;;;;;;;
Geranium rotundifolium;EB 1-5-1;;;;;;;;;;;;;;;;;
Geum rivale;EB 1-5-1;;;;;;;;;;;;;;;;;
Geum urbanum;EB 1-5-1;;;;;;;;;;;;;;;;;
Glechoma hederacea;EB 1-5-1;;;;;;;;;;;;;;;;;
Helictotrichon pubescens;EB 1-5-1;;;;;;;;;;;;;;1;;;
Heracleum sphondylium;EB 1-5-1;;;;;;;;;;;;;;;;;
Hieracium aurantiacum;EB 1-5-1;;;;;;;;;;;;;;;;;
Hieracium Macranthum;EB 1-5-1;;;;;;;;;;;;;;;;;
Hieracium pilosella ;EB 1-5-1;;;;;;;;;;;;;;;;;
Holcus lanatus;EB 1-5-1;;;;;;;;;;;;;;;;;
Hypochaeris radicata;EB 1-5-1;;;;;;;;;;;;;;;;;
Knautia arvensis;EB 1-5-1;;;;;;;;;;;;;;;;;
Lamium purpureum;EB 1-5-1;;;;;;;;;;;;;;;;;
Lathyrus pratensis;EB 1-5-1;;;;;;;;;;;;;;;;;
Leontodon autumnalis;EB 1-5-1;;;;;;;;;;;;;;;;;
Leontodon helveticus;EB 1-5-1;;;;;;;;;;;;;;;;;
Leontodon hispidus;EB 1-5-1;;;;;;;;;;;;;;;;;
Leucanthemum ircutianum;EB 1-5-1;;;;;;;;;;;;;;;;;
Lolium multiflorum;EB 1-5-1;;;;;;;;;;;;;;;;;
Lolium perenne;EB 1-5-1;;;;;;;;;;;;;;;;;
Lotus corniculatus;EB 1-5-1;;;;;;;;;;;;;;;;;
Luzula campestris;EB 1-5-1;;;;;;;;;;;;;;;;;
Lychnis flos-cuculi;EB 1-5-1;;;;;;;;;;;;;;;;;
Myosotis alpestris;EB 1-5-1;;;;;;;;;;8;17;7;;;;;
Peucedanum oreoselinum;EB 1-5-1;;;;;;;;;;;;;;;;;
Phleum pratense;EB 1-5-1;;;;;;;;;;;;;;;;;
Phleum pratensis;EB 1-5-1;;;;;;;;;;;;;;;;;
Pilosella aurantiaca;EB 1-5-1;;;;;;;;;;;;;;;;;
Pilosella piloselloides;EB 1-5-1;;;;;;;;;;;;;;;;;
Pimpinella major;EB 1-5-1;;;;;;;;;;;;;;;;;
Pimpinella saxifraga;EB 1-5-1;;;;;;;;;;;;;;;;;
Plantago lanceolata;EB 1-5-1;;;;;;;;;;;;;;;;;
Poa angustifolia;EB 1-5-1;;;;;;;;;;;;;;;;;
Poa pratense;EB 1-5-1;;;;;;;;;;;;;;;;;
Poa pratensis;EB 1-5-1;;;;;;;;;;;;;;;;;
Poa trivalis ;EB 1-5-1;;;;;;;;;;;;;;;;;
Poa trivialis;EB 1-5-1;;;;;;;;;;;;;;;;;
Primula veris;EB 1-5-1;;;;;;;;;;;;;;;;;
Prunella vulgaris;EB 1-5-1;;;;;;;;;;;;;;;;;
Ranunculus acris;EB 1-5-1;;;;;;;;;;;1;6;10;7;7;;
Ranunculus bulbosus;EB 1-5-1;;;;;;;;;;;;;;;;;
Ranunculus ficaria;EB 1-5-1;;;;;;;;;;;;;;;;;
Ranunculus montanus;EB 1-5-1;;;;;;;;;;;;;;;;;
Ranunculus repens;EB 1-5-1;;;;;;;;;;;;;;;;;
Rhinanthus minor;EB 1-5-1;;;;;;;;;;;;;;;;;
Rumex acetosa;EB 1-5-1;;;;;;;;;;;;2;3;3;;;
Rumex sanguineus;EB 1-5-1;;;;;;;;;;;;;;;;;
Silene alba;EB 1-5-1;;;;;;;;;;;;;;;;;
Silene flos-cuculi;EB 1-5-1;;;;;;;;;;;;;;;;;
Stellaria media;EB 1-5-1;;;;;;;;;;;;;;;;;
Taraxacum officinale;EB 1-5-1;;;;;;;;;;;;;;;;;
Taraxacum sect Ruderalia;EB 1-5-1;;;;;;;;;;;;;;;;;
Thlaspi arvense;EB 1-5-1;;;;;;;;;;;;;;;;;
Tragopodon pratensis;EB 1-5-1;;;;;;;;;;;;;;;;;
Trifolium dubium;EB 1-5-1;;;;;;;;;;;;;;;;;
Trifolium incarnatum;EB 1-5-1;;;;;;;;;;;;;;;;;
Trifolium medium;EB 1-5-1;;;;;;;;;;;;;;;;;
Trifolium pratense;EB 1-5-1;;;;;;;;;;;;;;;1;;
Trifolium repens;EB 1-5-1;;;;;;;;;;;;;;;;;
Trisetum flavescens;EB 1-5-1;;;;;;;;;;;;;;1;1;1;
Trollius europaeus;EB 1-5-1;;;;;;;;;;;;;;;;;
Veronica arvensis;EB 1-5-1;;;;;;;;;;;;;;;;;
Veronica chamaedrys;EB 1-5-1;;;;;;;;;;;;;;;;;
Veronica filiformis;EB 1-5-1;;;;;;;;;;;;;;;;;
Veronica hederifolia;EB 1-5-1;;;;;;;;;;;;;;;;;
Veronica persica;EB 1-5-1;;;;;;;;;;;;;;;;;
Veronica polita;EB 1-5-1;;;;;;;;;;;;;;;;;
Veronica serpyllifolia;EB 1-5-1;;;;;;;;;;;;;;;;;
Vicia angustifolia;EB 1-5-1;;;;;;;;;;;;;;;;;
Vicia cracca;EB 1-5-1;;;;;;;;;;;;;;;;;
Vicia hirsuta;EB 1-5-1;;;;;;;;;;;;;;;;;
Vicia sepium;EB 1-5-1;;;;;;;;;;;;;6;7;2;;
Vicia tetrasperma;EB 1-5-1;;;;;;;;;;;;;;;;;
Achillea millefolium;EB 1-6-1;;;;;;;;;;;;;;;;;
Agrostis capillaris;EB 1-6-1;;;;;;;;;;;;;;;;;
Agrostis gigantea;EB 1-6-1;;;;;;;;;;;;;;;;;
Agrostis stolonifera;EB 1-6-1;;;;;;;;;;;;;;;;;
Ajuga reptans;EB 1-6-1;;;;;;;;;;;;;;;;;
Alchemilla monticula;EB 1-6-1;;;;;;;;;;;;;;;;;
Alchemilla vulgaris;EB 1-6-1;;;;;;;;;;;;;;;;;
Alopecurus pratensis;EB 1-6-1;;;;;;;;;;;;;;;;;
Anthoxanthum odoratum;EB 1-6-1;;;;;;;;;;;;;;;;;
Arabidopsis thaliana;EB 1-6-1;;;;;;;;;;;;;;;;;
Arrhenatherum elatius;EB 1-6-1;;;;;;;;;;;;;;;;;
Bellis perennis;EB 1-6-1;;;;;;;;;;;;;;;;;
Bistorta officianilis;EB 1-6-1;;;;;;;;;;;;;;;;;
Briza media;EB 1-6-1;;;;;;;;;;;;;;;;;
Cardamine amara;EB 1-6-1;;;;;;;;;;;;;;;;;
Cardamine hirsuta;EB 1-6-1;;;;;;;;;;;;;;;;;
Carex humilis;EB 1-6-1;;;;;;;;;;;;;;;;;
Carex montana;EB 1-6-1;;;;;;;;;;;;;;;;;
Carex spicata cf;EB 1-6-1;;;;;;;;;;;;;;;;;
Carex sylvatica;EB 1-6-1;;;;;;;;;;;;;;;;;
Carum carvi;EB 1-6-1;;;;;;;;;;;;;;;;;
Centaurea jacea;EB 1-6-1;;;;;;;;;;;;;;;;;
Cerastium holosteoides;EB 1-6-1;;;;;;;;;;;;;;;;;
Chaerophyllum temulum;EB 1-6-1;;;;;;;;;;;;;;;;;
Crepis aurea;EB 1-6-1;;;;;;;;;;;;;;;;;
Crepis biennis;EB 1-6-1;;;;;;;;;;;;;;;;;
Crocus albiflorus;EB 1-6-1;;;;;;;;;;;;;;;;;
Cynosurus cristatus;EB 1-6-1;;;;;;;;;;;;;;;;;
Dactylis glomerata;EB 1-6-1;;;;;;;;;;;;;;;;;
Daucus carota;EB 1-6-1;;;;;;;;;;;;;;;;;
Deschampsia flexuosa;EB 1-6-1;;;;;;;;;;;;;;;;;
Draba verna;EB 1-6-1;;;;;;;;;;;;;;;;;
Elymus caninus;EB 1-6-1;;;;;;;;;;;;;;;;;
Elymus repens;EB 1-6-1;;;;;;;;;;;;;;;2;1;
Equisetum arvense;EB 1-6-1;;;;;;;;;;;;;;;;;
Euphrasia stricta;EB 1-6-1;;;;;;;;;;;;;;;;;
Festuca pratensis;EB 1-6-1;;;;;;;;;;;;;;2;;1;1
Festuca rubra;EB 1-6-1;;;;;;;;;;;;;;;;;
Filipendula ulmaria;EB 1-6-1;;;;;;;;;;;;;;;;;
Galium album;EB 1-6-1;;;;;;;;;;;;;;;2;15;4
Geranium rotundifolium;EB 1-6-1;;;;;;;;;;;;;;;;;
Geum rivale;EB 1-6-1;;;;;;;;;;;;;;;;;
Geum urbanum;EB 1-6-1;;;;;;;;;4;8;7;;;;;;
Glechoma hederacea;EB 1-6-1;;;;;;;;;;;;;;;;;
Helictotrichon pubescens;EB 1-6-1;;;;;;;;;;;;;;;;;
Heracleum sphondylium;EB 1-6-1;;;;;;;;;;;;;;;;;
Hieracium aurantiacum;EB 1-6-1;;;;;;;;;;;;;;;;;
Hieracium Macranthum;EB 1-6-1;;;;;;;;;;;;;;;;;
Hieracium pilosella ;EB 1-6-1;;;;;;;;;;;;;;;;;
Holcus lanatus;EB 1-6-1;;;;;;;;;;;;;;;;;
Hypochaeris radicata;EB 1-6-1;;;;;;;;;;;;;;;;;
Knautia arvensis;EB 1-6-1;;;;;;;;;;;;;;;;;
Lamium purpureum;EB 1-6-1;;;;;;;;;;;;;;;;;
Lathyrus pratensis;EB 1-6-1;;;;;;;;;;;;;;;;;
Leontodon autumnalis;EB 1-6-1;;;;;;;;;;;;;;;;;
Leontodon helveticus;EB 1-6-1;;;;;;;;;;;;;;;;;
Leontodon hispidus;EB 1-6-1;;;;;;;;;;;;;;;;;
Leucanthemum ircutianum;EB 1-6-1;;;;;;;;;;;;;;;;;
Lolium multiflorum;EB 1-6-1;;;;;;;;;;;;;;;;;
Lolium perenne;EB 1-6-1;;;;;;;;;;;;;;;;;
Lotus corniculatus;EB 1-6-1;;;;;;;;;;;;;;;;;
Luzula campestris;EB 1-6-1;;;;;;;;;;;;;;;;;
Lychnis flos-cuculi;EB 1-6-1;;;;;;;;;;;;;;;;;
Myosotis alpestris;EB 1-6-1;;;;;;;;;;;;;;;;;
Peucedanum oreoselinum;EB 1-6-1;;;;;;;;;;;;;;;;;
Phleum pratense;EB 1-6-1;;;;;;;;;;;;;;;;;
Phleum pratensis;EB 1-6-1;;;;;;;;;;;;;;;;;
Pilosella aurantiaca;EB 1-6-1;;;;;;;;;;;;;;;;;
Pilosella piloselloides;EB 1-6-1;;;;;;;;;;;;;;;;;
Pimpinella major;EB 1-6-1;;;;;;;;;;;;;;;;;
Pimpinella saxifraga;EB 1-6-1;;;;;;;;;;;;;;;;;
Plantago lanceolata;EB 1-6-1;;;;;;;;;;;;;;;;;
Poa angustifolia;EB 1-6-1;;;;;;;;;;;;;;;;;
Poa pratense;EB 1-6-1;;;;;;;;;;;;;;;;;
Poa pratensis;EB 1-6-1;;;;;;;;;;;;1;3;3;3;;
Poa trivalis ;EB 1-6-1;;;;;;;;;;;;;;;;;
Poa trivialis;EB 1-6-1;;;;;;;;;;;;;;;;;
Primula veris;EB 1-6-1;;;;;;;;;;;;;;;;;
Prunella vulgaris;EB 1-6-1;;;;;;;;;;;;;;;;;
Ranunculus acris;EB 1-6-1;;;;;;;;;;;;;5;5;;;1
Ranunculus bulbosus;EB 1-6-1;;;;;;;;;;;;;;;;;
Ranunculus ficaria;EB 1-6-1;;;;;;;;;;;;;;;;;
Ranunculus montanus;EB 1-6-1;;;;;;;;;;;;;;;;;
Ranunculus repens;EB 1-6-1;;;;;;;;;;;;;;;;;
Rhinanthus minor;EB 1-6-1;;;;;;;;;;;;;;;;;
Rumex acetosa;EB 1-6-1;;;;;;;;;;;;;;;;;
Rumex sanguineus;EB 1-6-1;;;;;;;;;;;;;;;;;
Silene alba;EB 1-6-1;;;;;;;;;;;;;;;;;
Silene flos-cuculi;EB 1-6-1;;;;;;;;;;;;;;;;;
Stellaria media;EB 1-6-1;;;;;;;;;;;;;;;;;
Taraxacum officinale;EB 1-6-1;;;;;;;;;1;3;;;;;;;
Taraxacum sect Ruderalia;EB 1-6-1;;;;;;;;;;;;;;;;;
Thlaspi arvense;EB 1-6-1;;;;;;;;;;;;;;;;;
Tragopodon pratensis;EB 1-6-1;;;;;;;;;;;;;;;;;
Trifolium dubium;EB 1-6-1;;;;;;;;;;;;;;;;;
Trifolium incarnatum;EB 1-6-1;;;;;;;;;;;;;;;;;
Trifolium medium;EB 1-6-1;;;;;;;;;;;;;;;;;
Trifolium pratense;EB 1-6-1;;;;;;;;;;;;;3;2;;;
Trifolium repens;EB 1-6-1;;;;;;;;;;;;;;;;1;
Trisetum flavescens;EB 1-6-1;;;;;;;;;;;;2;18;18;18;18;10
Trollius europaeus;EB 1-6-1;;;;;;;;;;;;;;;;;
Veronica arvensis;EB 1-6-1;;;;;;;;;;;;;;;;;
Veronica chamaedrys;EB 1-6-1;;;;;;;;;;;4;7;8;7;;;
Veronica filiformis;EB 1-6-1;;;;;;;;;;;;;;;;;
Veronica hederifolia;EB 1-6-1;;;;;;;;;;;;;;;;;
Veronica persica;EB 1-6-1;;;;;;;;;;;;;;;;;
Veronica polita;EB 1-6-1;;;;;;;;;;;;;;;;;
Veronica serpyllifolia;EB 1-6-1;;;;;;;;;;;;;;;;;
Vicia angustifolia;EB 1-6-1;;;;;;;;;;;;;;;;;
Vicia cracca;EB 1-6-1;;;;;;;;;;;;;;;;;
Vicia hirsuta;EB 1-6-1;;;;;;;;;;;;;;;;;
Vicia sepium;EB 1-6-1;;;;;;;;;;;;4;15;27;;;
Vicia tetrasperma;EB 1-6-1;;;;;;;;;;;;;;;;;
Achillea millefolium;EB 2-3-1;;;;;;;;;;;;;;;;;
Agrostis capillaris;EB 2-3-1;;;;;;;;;;;;;;;1;5;5
Agrostis gigantea;EB 2-3-1;;;;;;;;;;;;;;;;;
Agrostis stolonifera;EB 2-3-1;;;;;;;;;;;;;;;;;
Ajuga reptans;EB 2-3-1;;;;;;;;;;;;;;;;;
Alchemilla monticula;EB 2-3-1;;;;;;;;;;;;;;;;;
Alchemilla vulgaris;EB 2-3-1;;;;;;;;;;3;8;17;15;12;12;11;
Alopecurus pratensis;EB 2-3-1;;;;;;;;;;;;;;;;;
Anthoxanthum odoratum;EB 2-3-1;;;;;;;;;;;;;;;;;
Arabidopsis thaliana;EB 2-3-1;;;;;;;;;;;;;;;;;
Arrhenatherum elatius;EB 2-3-1;;;;;;;;;;;;;;;;;
Bellis perennis;EB 2-3-1;;;;;;;;;;;;;;;;;
Bistorta officianilis;EB 2-3-1;;;;;;;;;;;;;;;;;
Briza media;EB 2-3-1;;;;;;;;;;;;;;;;;
Cardamine amara;EB 2-3-1;;;;;;;;;;;;;;;;;
Cardamine hirsuta;EB 2-3-1;;;;;;;;;;;;;;;;;
Carex humilis;EB 2-3-1;;;;;;;;;;;;;;;;;
Carex montana;EB 2-3-1;;;;;;;;;;;;;;;;;
Carex spicata cf;EB 2-3-1;;;;;;;;;;;;;;;;;
Carex sylvatica;EB 2-3-1;;;;;;;;;;;;;;;;;
Carum carvi;EB 2-3-1;;;;;;;;;;;;;;;;;
Centaurea jacea;EB 2-3-1;;;;;;;;;;;;;;;;;
Cerastium holosteoides;EB 2-3-1;;;;;;;;;;;;;;;;;
Chaerophyllum temulum;EB 2-3-1;;;;;;;;;;;;;;;;;
Crepis aurea;EB 2-3-1;;;;;;;;;;;;;;;;;
Crepis biennis;EB 2-3-1;;;;;;;;;;;;;;;;;
Crocus albiflorus;EB 2-3-1;;;;;;;;;;;;;;;;;
Cynosurus cristatus;EB 2-3-1;;;;;;;;;;;;;;;;;
Dactylis glomerata;EB 2-3-1;;;;;;;;;;;;;;;;;
Daucus carota;EB 2-3-1;;;;;;;;;;;;;;;;;
Deschampsia flexuosa;EB 2-3-1;;;;;;;;;;;;;;;;;
Draba verna;EB 2-3-1;;;;;;;;;;;;;;;;;
Elymus caninus;EB 2-3-1;;;;;;;;;;;;;;;;;
Elymus repens;EB 2-3-1;;;;;;;;;;;;;;;2;2;2
Equisetum arvense;EB 2-3-1;;;;;;;;;;;;;;;;;
Euphrasia stricta;EB 2-3-1;;;;;;;;;;;;;;;;;
Festuca pratensis;EB 2-3-1;;;;;;;;;;;;;2;4;;2;4
Festuca rubra;EB 2-3-1;;;;;;;;;;;1;2;3;1;1;2;2
Filipendula ulmaria;EB 2-3-1;;;;;;;;;;;;;;;;;
Galium album;EB 2-3-1;;;;;;;;;;;;;;;;;
Geranium rotundifolium;EB 2-3-1;;;;;;;;;;;;;;;;;
Geum rivale;EB 2-3-1;;;;;;;;;;;;;;;;;
Geum urbanum;EB 2-3-1;;;;;;;;;;;;;;;;;
Glechoma hederacea;EB 2-3-1;;;;;;;;1;3;4;5;2;;;;;
Helictotrichon pubescens;EB 2-3-1;;;;;;;;;;;;;;;;;
Heracleum sphondylium;EB 2-3-1;;;;;;;;;;;;;;;;;
Hieracium aurantiacum;EB 2-3-1;;;;;;;;;;;;;;;;;
Hieracium Macranthum;EB 2-3-1;;;;;;;;;;;;;;;;;
Hieracium pilosella ;EB 2-3-1;;;;;;;;;;;;;;;;;
Holcus lanatus;EB 2-3-1;;;;;;;;;;;;;;;;;
Hypochaeris radicata;EB 2-3-1;;;;;;;;;;;;;;;;;
Knautia arvensis;EB 2-3-1;;;;;;;;;;;;;;;;;
Lamium purpureum;EB 2-3-1;;;;;;;;;;;;;;;;;
Lathyrus pratensis;EB 2-3-1;;;;;;;;;;;;;;;;;
Leontodon autumnalis;EB 2-3-1;;;;;;;;;;;;;;;;;
Leontodon helveticus;EB 2-3-1;;;;;;;;;;;;;5;9;9;;
Leontodon hispidus;EB 2-3-1;;;;;;;;;;;;;;;;;
Leucanthemum ircutianum;EB 2-3-1;;;;;;;;;;;;;;;;;
Lolium multiflorum;EB 2-3-1;;;;;;;;;;;;;;;;;
Lolium perenne;EB 2-3-1;;;;;;;;;;;;;;;;;
Lotus corniculatus;EB 2-3-1;;;;;;;;;;;;;;;;;
Luzula campestris;EB 2-3-1;;;;;;;;;;;;;;;;;
Lychnis flos-cuculi;EB 2-3-1;;;;;;;;;;;;;;;;;
Myosotis alpestris;EB 2-3-1;;;;;;;;;;;;;;;;;
Peucedanum oreoselinum;EB 2-3-1;;;;;;;;;;;;;;;;;
Phleum pratense;EB 2-3-1;;;;;;;;;;;;;;;;;
Phleum pratensis;EB 2-3-1;;;;;;;;;;;;;;;;;
Pilosella aurantiaca;EB 2-3-1;;;;;;;;;;;;;;;;;
Pilosella piloselloides;EB 2-3-1;;;;;;;;;;;;;;;;;
Pimpinella major;EB 2-3-1;;;;;;;;;;;;;;;;;
Pimpinella saxifraga;EB 2-3-1;;;;;;;;;;;;;;;;;
Plantago lanceolata;EB 2-3-1;;;;;;;;;;;;;;;;;
Poa angustifolia;EB 2-3-1;;;;;;;;;;;;;;;;;
Poa pratense;EB 2-3-1;;;;;;;;;;;;;;;;;
Poa pratensis;EB 2-3-1;;;;;;;;;;;4;8;10;7;4;4;
Poa trivalis ;EB 2-3-1;;;;;;;;;;;;;;;;;
Poa trivialis;EB 2-3-1;;;;;;;;;;;;;;;;;
Primula veris;EB 2-3-1;;;;;;;;;;;;;;;;;
Prunella vulgaris;EB 2-3-1;;;;;;;;;;;;;;;;;
Ranunculus acris;EB 2-3-1;;;;;;;;;;;;;3;;;;
Ranunculus bulbosus;EB 2-3-1;;;;;;;;;;;;;;;;;
Ranunculus ficaria;EB 2-3-1;;;;;;;;;;;;;1;;;;
Ranunculus montanus;EB 2-3-1;;;;;;;;;;;;;;;;;
Ranunculus repens;EB 2-3-1;;;;;;;;;;;;;;;;;
Rhinanthus minor;EB 2-3-1;;;;;;;;;;;;;;;;;
Rumex acetosa;EB 2-3-1;;;;;;;;;;;;;;;;;
Rumex sanguineus;EB 2-3-1;;;;;;;;;;;;;;;;;
Silene alba;EB 2-3-1;;;;;;;;;;;;;;;;;
Silene flos-cuculi;EB 2-3-1;;;;;;;;;;;;;;;;;
Stellaria media;EB 2-3-1;;;;;;;;;;;;;;;;;
Taraxacum officinale;EB 2-3-1;;;;;;;;;;;;;;;;;
Taraxacum sect Ruderalia;EB 2-3-1;;;;;;;;;;;;;;;;;
Thlaspi arvense;EB 2-3-1;;;;;;;;;;;;;;;;;
Tragopodon pratensis;EB 2-3-1;;;;;;;;;;;;;;;;;
Trifolium dubium;EB 2-3-1;;;;;;;;;;;;;;;;;
Trifolium incarnatum;EB 2-3-1;;;;;;;;;;;;;;;;;
Trifolium medium;EB 2-3-1;;;;;;;;;;;;;;;;;
Trifolium pratense;EB 2-3-1;;;;;;;;;;;;;;;;;
Trifolium repens;EB 2-3-1;;;;;;;;;;;;;;;;;
Trisetum flavescens;EB 2-3-1;;;;;;;;;;;;;;;;;
Trollius europaeus;EB 2-3-1;;;;;;;;;;;;;;;;;
Veronica arvensis;EB 2-3-1;;;;;;;;;;;;;;;;;
Veronica chamaedrys;EB 2-3-1;;;;;;;;;;3;6;7;9;;;;
Veronica filiformis;EB 2-3-1;;;;;;;;;;;;;;;;;
Veronica hederifolia;EB 2-3-1;;;;;;;;;;;;;;;;;
Veronica persica;EB 2-3-1;;;;;;;;;;;;;;;;;
Veronica polita;EB 2-3-1;;;;;;;;;;;;;;;;;
Veronica serpyllifolia;EB 2-3-1;;;;;;;;;;;;;;;;;
Vicia angustifolia;EB 2-3-1;;;;;;;;;;;;;;;;;
Vicia cracca;EB 2-3-1;;;;;;;;;;;;;;;;;
Vicia hirsuta;EB 2-3-1;;;;;;;;;;;;;;;;;
Vicia sepium;EB 2-3-1;;;;;;;;;;;3;4;23;19;17;4;5
Vicia tetrasperma;EB 2-3-1;;;;;;;;;;;;;;;;;
Achillea millefolium;EB 2-8-2;;;;;;;;;;;;;;;;;
Agrostis capillaris;EB 2-8-2;;;;;;;;;;;;;;;;;
Agrostis gigantea;EB 2-8-2;;;;;;;;;;;;;;;;;
Agrostis stolonifera;EB 2-8-2;;;;;;;;;;;;;;;;;
Ajuga reptans;EB 2-8-2;;;;;;;;;;;;;;;;;
Alchemilla monticula;EB 2-8-2;;;;;;;;;;;;;;;;;
Alchemilla vulgaris;EB 2-8-2;;;;;;;;;1;2;11;16;15;21;18;9;7
Alopecurus pratensis;EB 2-8-2;;;;;;;;;;;;;;;;;
Anthoxanthum odoratum;EB 2-8-2;;;;;;;;;;;;;;;;;
Arabidopsis thaliana;EB 2-8-2;;;;;;;;;;;;;;;;;
Arrhenatherum elatius;EB 2-8-2;;;;;;;;;;;;;;;;;
Bellis perennis;EB 2-8-2;;;;;;;;;;;;;;;;;
Bistorta officianilis;EB 2-8-2;;;;;;;;;;;;;;;;;
Briza media;EB 2-8-2;;;;;;;;;;;;;;;;;
Cardamine amara;EB 2-8-2;;;;;;;;;;;;;;;;;
Cardamine hirsuta;EB 2-8-2;;;;;;;;;;;;;;;;;
Carex humilis;EB 2-8-2;;;;;;;;;;;;;;;;;
Carex montana;EB 2-8-2;;;;;;;;;;;;;;;;;
Carex spicata cf;EB 2-8-2;;;;;;;;;;;;;;;;;
Carex sylvatica;EB 2-8-2;;;;;;;;;;;;;;;;;
Carum carvi;EB 2-8-2;;;;;;;;;;;;;;;;;
Centaurea jacea;EB 2-8-2;;;;;;;;;;;;;;;;;
Cerastium holosteoides;EB 2-8-2;;;;;;;;;;;;;;;;;
Chaerophyllum temulum;EB 2-8-2;;;;;;;;;;;;;;;;;
Crepis aurea;EB 2-8-2;;;;;;;;;;;;;;;;;
Crepis biennis;EB 2-8-2;;;;;;;;;;;;;;;;;
Crocus albiflorus;EB 2-8-2;;;1;;;;;;;;;;;;;;
Cynosurus cristatus;EB 2-8-2;;;;;;;;;;;;;;;;;
Dactylis glomerata;EB 2-8-2;;;;;;;;;;;;;;;;;
Daucus carota;EB 2-8-2;;;;;;;;;;;;;;;;;
Deschampsia flexuosa;EB 2-8-2;;;;;;;;;;;;;;;;;
Draba verna;EB 2-8-2;;;;;;;;;;;;;;;;;
Elymus caninus;EB 2-8-2;;;;;;;;;;;;;;;;;
Elymus repens;EB 2-8-2;;;;;;;;;;;;;;;3;4;2
Equisetum arvense;EB 2-8-2;;;;;;;;;;;;;;;;;
Euphrasia stricta;EB 2-8-2;;;;;;;;;;;;;;;;;
Festuca pratensis;EB 2-8-2;;;;;;;;;;;;;1;4;5;5;
Festuca rubra;EB 2-8-2;;;;;;;;;;;;;;;;;
Filipendula ulmaria;EB 2-8-2;;;;;;;;;;;;;;;;;
Galium album;EB 2-8-2;;;;;;;;;;;;;;;;;
Geranium rotundifolium;EB 2-8-2;;;;;;;;;;;;;;;;;
Geum rivale;EB 2-8-2;;;;;;;;;;;;;;;;;
Geum urbanum;EB 2-8-2;;;;;;;;;;;;;;;;;
Glechoma hederacea;EB 2-8-2;;;;;;;;;;;6;;;;3;;
Helictotrichon pubescens;EB 2-8-2;;;;;;;;;;;;;;;;;
Heracleum sphondylium;EB 2-8-2;;;;;;;;;;;;;;;;;
Hieracium aurantiacum;EB 2-8-2;;;;;;;;;;;;;;;;;
Hieracium Macranthum;EB 2-8-2;;;;;;;;;;;;;;;;;
Hieracium pilosella ;EB 2-8-2;;;;;;;;;;;;;;;;;
Holcus lanatus;EB 2-8-2;;;;;;;;;;;;;;;;;
Hypochaeris radicata;EB 2-8-2;;;;;;;;;;;;;;;;;
Knautia arvensis;EB 2-8-2;;;;;;;;;;;;;;;;;
Lamium purpureum;EB 2-8-2;;;;;;;;;;;;;;;;;
Lathyrus pratensis;EB 2-8-2;;;;;;;;;;;;;;;;2;
Leontodon autumnalis;EB 2-8-2;;;;;;;;;;;;;;;;;
Leontodon helveticus;EB 2-8-2;;;;;;;;;;;;;;;;;
Leontodon hispidus;EB 2-8-2;;;;;;;;;;;;;;;;;
Leucanthemum ircutianum;EB 2-8-2;;;;;;;;;;;;;;;;;
Lolium multiflorum;EB 2-8-2;;;;;;;;;;;;;;;;;
Lolium perenne;EB 2-8-2;;;;;;;;;;;;;;;;;
Lotus corniculatus;EB 2-8-2;;;;;;;;;;;;;;;;;
Luzula campestris;EB 2-8-2;;;;;;;;;;;;;;;;;
Lychnis flos-cuculi;EB 2-8-2;;;;;;;;;;;;;;;;;
Myosotis alpestris;EB 2-8-2;;;;;;;;;;;;;;;;;
Peucedanum oreoselinum;EB 2-8-2;;;;;;;;;;;;;;;;;
Phleum pratense;EB 2-8-2;;;;;;;;;;;;;;;;;
Phleum pratensis;EB 2-8-2;;;;;;;;;;;;;;;;;
Pilosella aurantiaca;EB 2-8-2;;;;;;;;;;;;;;;;;
Pilosella piloselloides;EB 2-8-2;;;;;;;;;;;;;;;;;
Pimpinella major;EB 2-8-2;;;;;;;;;;;;;;;;;
Pimpinella saxifraga;EB 2-8-2;;;;;;;;;;;;;;;;;
Plantago lanceolata;EB 2-8-2;;;;;;;;;;;;;;;;;
Poa angustifolia;EB 2-8-2;;;;;;;;;;;;;;;;;
Poa pratense;EB 2-8-2;;;;;;;;;;;;;;;;;
Poa pratensis;EB 2-8-2;;;;;;;;;;;;;;;;;
Poa trivalis ;EB 2-8-2;;;;;;;;;;;;;;;;;
Poa trivialis;EB 2-8-2;;;;;;;;;;;;;;;;;
Primula veris;EB 2-8-2;;;;;;;;;;;;;;;;;
Prunella vulgaris;EB 2-8-2;;;;;;;;;;;;;;;;;
Ranunculus acris;EB 2-8-2;;;;;;;;;;;2;7;6;;;;
Ranunculus bulbosus;EB 2-8-2;;;;;;;;;;;;;;;;;
Ranunculus ficaria;EB 2-8-2;;;;;;;;;;;;;;;;;
Ranunculus montanus;EB 2-8-2;;;;;;;;;;;;;;;;;
Ranunculus repens;EB 2-8-2;;;;;;;;;;;;;;;;;
Rhinanthus minor;EB 2-8-2;;;;;;;;;;;;;;;;;
Rumex acetosa;EB 2-8-2;;;;;;;;;;;3;2;;;;;
Rumex sanguineus;EB 2-8-2;;;;;;;;;;;;;;;;;
Silene alba;EB 2-8-2;;;;;;;;;;;;;;;;;
Silene flos-cuculi;EB 2-8-2;;;;;;;;;;;;;;;;;
Stellaria media;EB 2-8-2;;;;;;;;;;;;;;;;;
Taraxacum officinale;EB 2-8-2;;;;;;;;;;;;;;;;;
Taraxacum sect Ruderalia;EB 2-8-2;;;;;;;;;;;;;;;;;
Thlaspi arvense;EB 2-8-2;;;;;;;;;;;;;;;;;
Tragopodon pratensis;EB 2-8-2;;;;;;;;;;;;;;;;;
Trifolium dubium;EB 2-8-2;;;;;;;;;;;;;;;;;
Trifolium incarnatum;EB 2-8-2;;;;;;;;;;;;;;;;;
Trifolium medium;EB 2-8-2;;;;;;;;;;;;;;;;;
Trifolium pratense;EB 2-8-2;;;;;;;;;;;;;5;4;3;;
Trifolium repens;EB 2-8-2;;;;;;;;;;;;;;;;;
Trisetum flavescens;EB 2-8-2;;;;;;;;;;;;1;;;;;
Trollius europaeus;EB 2-8-2;;;;;;;;;;;;;;;;;
Veronica arvensis;EB 2-8-2;;;;;;;;;;;;;;;;;
Veronica chamaedrys;EB 2-8-2;;;;;;;;;;2;5;6;7;6;;;
Veronica filiformis;EB 2-8-2;;;;;;3;4;8;21;18;9;16;;;1;;
Veronica hederifolia;EB 2-8-2;;;;;;;;;;;;;;;;;
Veronica persica;EB 2-8-2;;;;;;;;;;;;;;;;;
Veronica polita;EB 2-8-2;;;;;;;;;;;;;;;;;
Veronica serpyllifolia;EB 2-8-2;;;;;;;;;;;;;;;;;
Vicia angustifolia;EB 2-8-2;;;;;;;;;;;;;;;;;
Vicia cracca;EB 2-8-2;;;;;;;;;;;;;;;;;
Vicia hirsuta;EB 2-8-2;;;;;;;;;;;;;;;;;
Vicia sepium;EB 2-8-2;;;;;;;;;;;;;;;;;
Vicia tetrasperma;EB 2-8-2;;;;;;;;;;;;;;;;;
Achillea millefolium;EB 2-3-4;;;;;;;;;;;;;;;;;
Agrostis capillaris;EB 2-3-4;;;;;;;;;;;;;;;;;
Agrostis gigantea;EB 2-3-4;;;;;;;;;;;;;;;;;
Agrostis stolonifera;EB 2-3-4;;;;;;;;;;;;;;;;;
Ajuga reptans;EB 2-3-4;;;;;;;;;;;;;;;;;
Alchemilla monticula;EB 2-3-4;;;;;;;;;;;;;;;;;
Alchemilla vulgaris;EB 2-3-4;;;;;;;;;5;7;9;11;15;15;19;7;5
Alopecurus pratensis;EB 2-3-4;;;;;;;;;;;;;;;;;
Anthoxanthum odoratum;EB 2-3-4;;;;;;;;;;;;;;;;;
Arabidopsis thaliana;EB 2-3-4;;;;;;;;;;;;;;;;;
Arrhenatherum elatius;EB 2-3-4;;;;;;;;;;;;;;;;;
Bellis perennis;EB 2-3-4;;;;;;;;;;;;;;;;;
Bistorta officianilis;EB 2-3-4;;;;;;;;;;;;;;;;;
Briza media;EB 2-3-4;;;;;;;;;;;;;;;;;
Cardamine amara;EB 2-3-4;;;;;;;;;;;;;;;;;
Cardamine hirsuta;EB 2-3-4;;;;;;;;;;;;;;;;;
Carex humilis;EB 2-3-4;;;;;;;;;;;;;;;;;
Carex montana;EB 2-3-4;;;;;;;;;;;;;;;;;
Carex spicata cf;EB 2-3-4;;;;;;;;;;;;;;;;;
Carex sylvatica;EB 2-3-4;;;;;;;;;;;;;;;;;
Carum carvi;EB 2-3-4;;;;;;;;;;;;;;;;;
Centaurea jacea;EB 2-3-4;;;;;;;;;;;;;;;;;
Cerastium holosteoides;EB 2-3-4;;;;;;;;;;;;;;;;;
Chaerophyllum temulum;EB 2-3-4;;;;;;;;;;;;;;;;;
Crepis aurea;EB 2-3-4;;;;;;;;;;;;;;;;;
Crepis biennis;EB 2-3-4;;;;;;;;;;;;;;;;;
Crocus albiflorus;EB 2-3-4;;;;;;;;;;;;;;;;;
Cynosurus cristatus;EB 2-3-4;;;;;;;;;;;;;;;;;
Dactylis glomerata;EB 2-3-4;;;;;;;;;;;;;;;;;
Daucus carota;EB 2-3-4;;;;;;;;;;;;;;;;;
Deschampsia flexuosa;EB 2-3-4;;;;;;;;;;;;;;;;;
Draba verna;EB 2-3-4;;;;;;;;;;;;;;;;;
Elymus caninus;EB 2-3-4;;;;;;;;;;;;;;;;;
Elymus repens;EB 2-3-4;;;;;;;;;;;;;;;2;1;
Equisetum arvense;EB 2-3-4;;;;;;;;;;;;;;;;;
Euphrasia stricta;EB 2-3-4;;;;;;;;;;;;;;;;;
Festuca pratensis;EB 2-3-4;;;;;;;;;;;;;12;11;5;18;5
Festuca rubra;EB 2-3-4;;;;;;;;;;;;;;5;5;5;5
Filipendula ulmaria;EB 2-3-4;;;;;;;;;;;;;;;;;
Galium album;EB 2-3-4;;;;;;;;;;;;;;;;15;
Geranium rotundifolium;EB 2-3-4;;;;;;;;;;;;;;;;;
Geum rivale;EB 2-3-4;;;;;;;;;;;;;;;;;
Geum urbanum;EB 2-3-4;;;;;;;;;;5;7;;;;;;
Glechoma hederacea;EB 2-3-4;;;;;;;;;;;;;;;;;
Helictotrichon pubescens;EB 2-3-4;;;;;;;;;;;;;;;;;
Heracleum sphondylium;EB 2-3-4;;;;;;;;;;;;;;;;;
Hieracium aurantiacum;EB 2-3-4;;;;;;;;;;;;;;;;;
Hieracium Macranthum;EB 2-3-4;;;;;;;;;;;;;;;;;
Hieracium pilosella ;EB 2-3-4;;;;;;;;;;;;;;;;;
Holcus lanatus;EB 2-3-4;;;;;;;;;;;;;;;;2;
Hypochaeris radicata;EB 2-3-4;;;;;;;;;;;;;;;;;
Knautia arvensis;EB 2-3-4;;;;;;;;;;;;;;;;;
Lamium purpureum;EB 2-3-4;;;;;;;;;;;;;;;;;
Lathyrus pratensis;EB 2-3-4;;;;;;;;;;;;;;;;8;
Leontodon autumnalis;EB 2-3-4;;;;;;;;;;;;;;;;;
Leontodon helveticus;EB 2-3-4;;;;;;;;;;;;3;9;7;;;
Leontodon hispidus;EB 2-3-4;;;;;;;;;;;;;;;;;
Leucanthemum ircutianum;EB 2-3-4;;;;;;;;;;;;;;;;;
Lolium multiflorum;EB 2-3-4;;;;;;;;;;;;;;;;;
Lolium perenne;EB 2-3-4;;;;;;;;;;;;;;;;;
Lotus corniculatus;EB 2-3-4;;;;;;;;;;;;;;;;;
Luzula campestris;EB 2-3-4;;;;;;;;;;;;;;;;;
Lychnis flos-cuculi;EB 2-3-4;;;;;;;;;;;;;;;;;
Myosotis alpestris;EB 2-3-4;;;;;;;;;;;;;;;;;
Peucedanum oreoselinum;EB 2-3-4;;;;;;;;;;;;;;;;;
Phleum pratense;EB 2-3-4;;;;;;;;;;;;;;;;;
Phleum pratensis;EB 2-3-4;;;;;;;;;;;;;;;;;
Pilosella aurantiaca;EB 2-3-4;;;;;;;;;;;;;;;;;
Pilosella piloselloides;EB 2-3-4;;;;;;;;;;;;;;;;;
Pimpinella major;EB 2-3-4;;;;;;;;;;;;;;;;;
Pimpinella saxifraga;EB 2-3-4;;;;;;;;;;;;;;;;;
Plantago lanceolata;EB 2-3-4;;;;;;;;;;;;;;;;;
Poa angustifolia;EB 2-3-4;;;;;;;;;;;;;;;;;
Poa pratense;EB 2-3-4;;;;;;;;;;;;;;;;;
Poa pratensis;EB 2-3-4;;;;;;;;;;;1;3;3;3;;;
Poa trivalis ;EB 2-3-4;;;;;;;;;;;;;;;;;
Poa trivialis;EB 2-3-4;;;;;;;;;;;;;;;;;
Primula veris;EB 2-3-4;;;;;;;;;;;;;;;;;
Prunella vulgaris;EB 2-3-4;;;;;;;;;;;;;;;;;
Ranunculus acris;EB 2-3-4;;;;;;;;;;;5;8;;;;;
Ranunculus bulbosus;EB 2-3-4;;;;;;;;;;;;;;;;;
Ranunculus ficaria;EB 2-3-4;;;;;;;;;;;;;;;;;
Ranunculus montanus;EB 2-3-4;;;;;;;;;;;;;;;;;
Ranunculus repens;EB 2-3-4;;;;;;;;;;;;;;;;;
Rhinanthus minor;EB 2-3-4;;;;;;;;;;;;;;;;;
Rumex acetosa;EB 2-3-4;;;;;;;;;;;;;;;;;
Rumex sanguineus;EB 2-3-4;;;;;;;;;;;;;;;;;
Silene alba;EB 2-3-4;;;;;;;;;;;;;;;;;
Silene flos-cuculi;EB 2-3-4;;;;;;;;;;;;;;;;;
Stellaria media;EB 2-3-4;;;;;;;;;;;;;;;;;
Taraxacum officinale;EB 2-3-4;;;;;;;;;;;;;;;;;
Taraxacum sect Ruderalia;EB 2-3-4;;;;;;;;;;;;;;;;;
Thlaspi arvense;EB 2-3-4;;;;;;;;;;;;;;;;;
Tragopodon pratensis;EB 2-3-4;;;;;;;;;;;;;;;;;
Trifolium dubium;EB 2-3-4;;;;;;;;;;;4;7;;;;;
Trifolium incarnatum;EB 2-3-4;;;;;;;;;;;;;;;;;
Trifolium medium;EB 2-3-4;;;;;;;;;;;;;;;;;
Trifolium pratense;EB 2-3-4;;;;;;;;;;;;;;1;5;;
Trifolium repens;EB 2-3-4;;;;;;;;;;;;;;;;;
Trisetum flavescens;EB 2-3-4;;;;;;;;;;;;1;1;;;;
Trollius europaeus;EB 2-3-4;;;;;;;;;;;;;;;;;
Veronica arvensis;EB 2-3-4;;;;;;;;;;;;;;;;;
Veronica chamaedrys;EB 2-3-4;;;;;;;;;;3;7;7;12;9;;;
Veronica filiformis;EB 2-3-4;;;;;;;;;;;;;;;1;;
Veronica hederifolia;EB 2-3-4;;;;;;;;;;;;;;;;;
Veronica persica;EB 2-3-4;;;;;;;;;;;;;;;;;
Veronica polita;EB 2-3-4;;;;;;;;;;;;;;;;;
Veronica serpyllifolia;EB 2-3-4;;;;;;;;;;;;;;;;;
Vicia angustifolia;EB 2-3-4;;;;;;;;;;;;;;;;;
Vicia cracca;EB 2-3-4;;;;;;;;;;;;;;;;;
Vicia hirsuta;EB 2-3-4;;;;;;;;;;;;;;;;;
Vicia sepium;EB 2-3-4;;;;;;;;;;;;;;;;;
Vicia tetrasperma;EB 2-3-4;;;;;;;;;;;;;;;;;
Achillea millefolium;EB 3-7-2;;;;;;;;;;;;;;;;;
Agrostis capillaris;EB 3-7-2;;;;;;;;;;;;;;;1;7;8
Agrostis gigantea;EB 3-7-2;;;;;;;;;;;;;;;;;
Agrostis stolonifera;EB 3-7-2;;;;;;;;;;;;;;;;;
Ajuga reptans;EB 3-7-2;;;;;;;;;;;;;;;;;
Alchemilla monticula;EB 3-7-2;;;;;;;;;;;;;;;;;
Alchemilla vulgaris;EB 3-7-2;;;;;;;;2;2;9;16;18;18;18;12;12;5
Alopecurus pratensis;EB 3-7-2;;;;;;;;;;;;;;;;;
Anthoxanthum odoratum;EB 3-7-2;;;;;;;;;;;;;;;;;
Arabidopsis thaliana;EB 3-7-2;;;;;;;;;;;;;;;;;
Arrhenatherum elatius;EB 3-7-2;;;;;;;;;;;;;;;;;
Bellis perennis;EB 3-7-2;;;;;;;;;;;;;;;;;
Bistorta officianilis;EB 3-7-2;;;;;;;;;;;;;;;;;
Briza media;EB 3-7-2;;;;;;;;;;;;;;;;;
Cardamine amara;EB 3-7-2;;;;;;;;;;;;;;;;;
Cardamine hirsuta;EB 3-7-2;;;;;;;;;;;;;;;;;
Carex humilis;EB 3-7-2;;;;;;;;;;;;;;;;;
Carex montana;EB 3-7-2;;;;;;;;;;;;;;;;;
Carex spicata cf;EB 3-7-2;;;;;;;;;;;;;;;;;
Carex sylvatica;EB 3-7-2;;;;;;;;;;;;;;;;;
Carum carvi;EB 3-7-2;;;;;;;;;;;;;;;;;
Centaurea jacea;EB 3-7-2;;;;;;;;;;;;;;;;;
Cerastium holosteoides;EB 3-7-2;;;;;;;;;;;;;;;;;
Chaerophyllum temulum;EB 3-7-2;;;;;;;;;;;;;;;;;
Crepis aurea;EB 3-7-2;;;;;;;;;;;;;;;;;
Crepis biennis;EB 3-7-2;;;;;;;;;;;;;;;;;
Crocus albiflorus;EB 3-7-2;;;1;;;;;;;;;;;;;;
Cynosurus cristatus;EB 3-7-2;;;;;;;;;;;;;;;;;
Dactylis glomerata;EB 3-7-2;;;;;;;;;;;;;1;1;;;
Daucus carota;EB 3-7-2;;;;;;;;;;;;;;;;;
Deschampsia flexuosa;EB 3-7-2;;;;;;;;;;;;;;;;;
Draba verna;EB 3-7-2;;;;;;;;;;;;;;;;;
Elymus caninus;EB 3-7-2;;;;;;;;;;;;;;;;;
Elymus repens;EB 3-7-2;;;;;;;;;;;;;;;;;
Equisetum arvense;EB 3-7-2;;;;;;;;;;;;;;;;;
Euphrasia stricta;EB 3-7-2;;;;;;;;;;;;;;;;;
Festuca pratensis;EB 3-7-2;;;;;;;;;;;;;;2;2;;
Festuca rubra;EB 3-7-2;;;;;;;;;;;;;;1;1;;
Filipendula ulmaria;EB 3-7-2;;;;;;;;;;;;;;;;;
Galium album;EB 3-7-2;;;;;;;;;;;;;;;;;
Geranium rotundifolium;EB 3-7-2;;;;;;;;;;;;;;;;;
Geum rivale;EB 3-7-2;;;;;;;;;;;;;;;;;
Geum urbanum;EB 3-7-2;;;;;;;;;;;;;;;;;
Glechoma hederacea;EB 3-7-2;;;;;;;;;;;;;;;;;
Helictotrichon pubescens;EB 3-7-2;;;;;;;;;;;;2;2;;;1;
Heracleum sphondylium;EB 3-7-2;;;;;;;;;;;;;;;;;
Hieracium aurantiacum;EB 3-7-2;;;;;;;;;;;;;;;;;
Hieracium Macranthum;EB 3-7-2;;;;;;;;;;;;;;;;;
Hieracium pilosella ;EB 3-7-2;;;;;;;;;;;;;;;;;
Holcus lanatus;EB 3-7-2;;;;;;;;;;;;;;;;;
Hypochaeris radicata;EB 3-7-2;;;;;;;;;;;;;;;;;
Knautia arvensis;EB 3-7-2;;;;;;;;;;;;;;;;;
Lamium purpureum;EB 3-7-2;;;;;;;;;;;;;;;;;
Lathyrus pratensis;EB 3-7-2;;;;;;;;;;;;;;;;;
Leontodon autumnalis;EB 3-7-2;;;;;;;;;;;;;;;;;
Leontodon helveticus;EB 3-7-2;;;;;;;;;;;;;;;;;
Leontodon hispidus;EB 3-7-2;;;;;;;;;;;;;;;;;
Leucanthemum ircutianum;EB 3-7-2;;;;;;;;;;;;;;;;;
Lolium multiflorum;EB 3-7-2;;;;;;;;;;;;;;;;;
Lolium perenne;EB 3-7-2;;;;;;;;;;;;;;;;;
Lotus corniculatus;EB 3-7-2;;;;;;;;;;;;;;;;;
Luzula campestris;EB 3-7-2;;;;;;;;;;;;;;;;;
Lychnis flos-cuculi;EB 3-7-2;;;;;;;;;;;;;;;;;
Myosotis alpestris;EB 3-7-2;;;;;;;;;;;;7;13;12;;;
Peucedanum oreoselinum;EB 3-7-2;;;;;;;;;;;;;;;;;
Phleum pratense;EB 3-7-2;;;;;;;;;;;;;;;;;
Phleum pratensis;EB 3-7-2;;;;;;;;;;;;;;;;;
Pilosella aurantiaca;EB 3-7-2;;;;;;;;;;;;;;;;;
Pilosella piloselloides;EB 3-7-2;;;;;;;;;;;;;;;;;
Pimpinella major;EB 3-7-2;;;;;;;;;;;;;;;;;
Pimpinella saxifraga;EB 3-7-2;;;;;;;;;;;;;;;;;
Plantago lanceolata;EB 3-7-2;;;;;;;;;;;;;;;;;
Poa angustifolia;EB 3-7-2;;;;;;;;;;;;;;;;;
Poa pratense;EB 3-7-2;;;;;;;;;;;;;;;;;
Poa pratensis;EB 3-7-2;;;;;;;;;;;;;;1;5;;
Poa trivalis ;EB 3-7-2;;;;;;;;;;;;;;;;;
Poa trivialis;EB 3-7-2;;;;;;;;;;;;;;;;;
Primula veris;EB 3-7-2;;;;;;;;;;;;;;;;;
Prunella vulgaris;EB 3-7-2;;;;;;;;;;;;;;;;;
Ranunculus acris;EB 3-7-2;;;;;;;;;;;2;6;8;5;;;
Ranunculus bulbosus;EB 3-7-2;;;;;;;;;;;;;;;;;
Ranunculus ficaria;EB 3-7-2;;;;;;;;;;;;;;;;;
Ranunculus montanus;EB 3-7-2;;;;;;;;;;;;;;;;;
Ranunculus repens;EB 3-7-2;;;;;;;;;;;;;;;;;
Rhinanthus minor;EB 3-7-2;;;;;;;;;;;;;;;;;
Rumex acetosa;EB 3-7-2;;;;;;;;;;;;;;;;;
Rumex sanguineus;EB 3-7-2;;;;;;;;;;;;;;;;;
Silene alba;EB 3-7-2;;;;;;;;;;;;;;;;;
Silene flos-cuculi;EB 3-7-2;;;;;;;;;;;;;;;;;
Stellaria media;EB 3-7-2;;;;;;;;;;;;;;;;;
Taraxacum officinale;EB 3-7-2;;;;;;;;3;3;2;;;;;;;
Taraxacum sect Ruderalia;EB 3-7-2;;;;;;;;;;;;;;;;;
Thlaspi arvense;EB 3-7-2;;;;;;;;;;;;;;;;;
Tragopodon pratensis;EB 3-7-2;;;;;;;;;;;;;;;;;
Trifolium dubium;EB 3-7-2;;;;;;;;;;;;;;;;;
Trifolium incarnatum;EB 3-7-2;;;;;;;;;;;;;;;;;
Trifolium medium;EB 3-7-2;;;;;;;;;;;;;;;;;
Trifolium pratense;EB 3-7-2;;;;;;;;;;;;1;4;4;;;
Trifolium repens;EB 3-7-2;;;;;;;;;;;;;;;;;
Trisetum flavescens;EB 3-7-2;;;;;;;;;;;;;;1;;;
Trollius europaeus;EB 3-7-2;;;;;;;;;;;;;;;;;
Veronica arvensis;EB 3-7-2;;;;;;;;;;;;;;;;;
Veronica chamaedrys;EB 3-7-2;;;;;;;;;;;;;;;;;
Veronica filiformis;EB 3-7-2;;;;;;;;;;;;;;;;;
Veronica hederifolia;EB 3-7-2;;;;;;;;;;;;;;;;;
Veronica persica;EB 3-7-2;;;;;;;;;;;;;;;;;
Veronica polita;EB 3-7-2;;;;;;;;;;;;;;;;;
Veronica serpyllifolia;EB 3-7-2;;;;;;;;;;;;;;;;;
Vicia angustifolia;EB 3-7-2;;;;;;;;;;;;;;;;;
Vicia cracca;EB 3-7-2;;;;;;;;;;;;;;;;;
Vicia hirsuta;EB 3-7-2;;;;;;;;;;;;;;;;;
Vicia sepium;EB 3-7-2;;;;;;;;;;;;;;;;;
Vicia tetrasperma;EB 3-7-2;;;;;;;;;;;;;;;;;
Achillea millefolium;EB 3-5-3;;;;;;;;;;;;;;;;;
Agrostis capillaris;EB 3-5-3;;;;;;;;;;;;;;;5;8;8
Agrostis gigantea;EB 3-5-3;;;;;;;;;;;;;;;;;
Agrostis stolonifera;EB 3-5-3;;;;;;;;;;;;;;;;;
Ajuga reptans;EB 3-5-3;;;;;;;;;;10;15;9;7;3;;;
Alchemilla monticula;EB 3-5-3;;;;;;;;;;;;;;;;;
Alchemilla vulgaris;EB 3-5-3;;;;;;;;1;2;9;13;21;15;19;17;12;9
Alopecurus pratensis;EB 3-5-3;;;;;;;;;;;;;;;;;
Anthoxanthum odoratum;EB 3-5-3;;;;;;;;;;;;;;;;;
Arabidopsis thaliana;EB 3-5-3;;;;;;;;;;;;;;;;;
Arrhenatherum elatius;EB 3-5-3;;;;;;;;;;;;;;;;;
Bellis perennis;EB 3-5-3;;;;;;;;;;;;;;;;;
Bistorta officianilis;EB 3-5-3;;;;;;;;;;;;;;;;;
Briza media;EB 3-5-3;;;;;;;;;;;;;;;;;
Cardamine amara;EB 3-5-3;;;;;;;;;;;;;;;;;
Cardamine hirsuta;EB 3-5-3;;;;;;;;;;;;;;;;;
Carex humilis;EB 3-5-3;;;;;;;;;;;;;;;;;
Carex montana;EB 3-5-3;;;;;;;;;;;;;;;;;
Carex spicata cf;EB 3-5-3;;;;;;;;;;;;;;;;;
Carex sylvatica;EB 3-5-3;;;;;;;;;;;;;;;;;
Carum carvi;EB 3-5-3;;;;;;;;;;;;;;;;;
Centaurea jacea;EB 3-5-3;;;;;;;;;;;;;;;;;
Cerastium holosteoides;EB 3-5-3;;;;;;;;;;;;;;;;;
Chaerophyllum temulum;EB 3-5-3;;;;;;;;;;;;;;;;;
Crepis aurea;EB 3-5-3;;;;;;;;;;;;;;;;;
Crepis biennis;EB 3-5-3;;;;;;;;;;;;;;;;;
Crocus albiflorus;EB 3-5-3;;;1;;;;;;;;;;;;;;
Cynosurus cristatus;EB 3-5-3;;;;;;;;;;;;;;;;;
Dactylis glomerata;EB 3-5-3;;;;;;;;;;;;;;;;;
Daucus carota;EB 3-5-3;;;;;;;;;;;;;;;;;
Deschampsia flexuosa;EB 3-5-3;;;;;;;;;;;;;;;;;
Draba verna;EB 3-5-3;;;;;;;;;;;;;;;;;
Elymus caninus;EB 3-5-3;;;;;;;;;;;;;;;;;
Elymus repens;EB 3-5-3;;;;;;;;;;;;;;;;;
Equisetum arvense;EB 3-5-3;;;;;;;;;;;;;;;;;
Euphrasia stricta;EB 3-5-3;;;;;;;;;;;;;;;;;
Festuca pratensis;EB 3-5-3;;;;;;;;;;;;;6;6;6;9;4
Festuca rubra;EB 3-5-3;;;;;;;;;;;;;;;;;1
Filipendula ulmaria;EB 3-5-3;;;;;;;;;;;;;;;;;
Galium album;EB 3-5-3;;;;;;;;;;;;;;;;;
Geranium rotundifolium;EB 3-5-3;;;;;;;;;;;;;;;;;
Geum rivale;EB 3-5-3;;;;;;;;;;;;;;;;;
Geum urbanum;EB 3-5-3;;;;;;;;;;;;;;;;;
Glechoma hederacea;EB 3-5-3;;;;;;;;;;;;;;;;;
Helictotrichon pubescens;EB 3-5-3;;;;;;;;;;;;;5;8;;;
Heracleum sphondylium;EB 3-5-3;;;;;;;;;;;;;;;;;
Hieracium aurantiacum;EB 3-5-3;;;;;;;;;;;;;;;;;
Hieracium Macranthum;EB 3-5-3;;;;;;;;;;;;;;;;;
Hieracium pilosella ;EB 3-5-3;;;;;;;;;;;;;;;;;
Holcus lanatus;EB 3-5-3;;;;;;;;;;;;;;;;;
Hypochaeris radicata;EB 3-5-3;;;;;;;;;;;;;;;;;
Knautia arvensis;EB 3-5-3;;;;;;;;;;;;;;;;;
Lamium purpureum;EB 3-5-3;;;;;;;;;;;;;;;;;
Lathyrus pratensis;EB 3-5-3;;;;;;;;;;;;;;;;;
Leontodon autumnalis;EB 3-5-3;;;;;;;;;;;;;;;;;
Leontodon helveticus;EB 3-5-3;;;;;;;;;;;;;;;;;
Leontodon hispidus;EB 3-5-3;;;;;;;;;;;;;;;;;
Leucanthemum ircutianum;EB 3-5-3;;;;;;;;;;;;;;;;;
Lolium multiflorum;EB 3-5-3;;;;;;;;;;;;;;;;;
Lolium perenne;EB 3-5-3;;;;;;;;;;;1;1;2;;;;
Lotus corniculatus;EB 3-5-3;;;;;;;;;;;;;;;;;
Luzula campestris;EB 3-5-3;;;;;;;;;;;;;;;;;
Lychnis flos-cuculi;EB 3-5-3;;;;;;;;;;;;;;;;;
Myosotis alpestris;EB 3-5-3;;;;;;;;;;;;;;;;;
Peucedanum oreoselinum;EB 3-5-3;;;;;;;;;;;;;;;;;
Phleum pratense;EB 3-5-3;;;;;;;;;;;;;;;;;
Phleum pratensis;EB 3-5-3;;;;;;;;;;;;;;;;;
Pilosella aurantiaca;EB 3-5-3;;;;;;;;;;;;;;;;;
Pilosella piloselloides;EB 3-5-3;;;;;;;;;;;;;;;;;
Pimpinella major;EB 3-5-3;;;;;;;;;;;;;;;;;
Pimpinella saxifraga;EB 3-5-3;;;;;;;;;;;;;;;;;
Plantago lanceolata;EB 3-5-3;;;;;;;;;;;;;;;;;
Poa angustifolia;EB 3-5-3;;;;;;;;;;;;;;;;;
Poa pratense;EB 3-5-3;;;;;;;;;;;;;;;;;
Poa pratensis;EB 3-5-3;;;;;;;;;;;;;1;4;5;4;
Poa trivalis ;EB 3-5-3;;;;;;;;;;;;;;;;;
Poa trivialis;EB 3-5-3;;;;;;;;;;;;;;;;;
Primula veris;EB 3-5-3;;;;;;;;;;;;;;;;;
Prunella vulgaris;EB 3-5-3;;;;;;;;;;;;;;;;;
Ranunculus acris;EB 3-5-3;;;;;;1;1;3;;;3;;3;;;;
Ranunculus bulbosus;EB 3-5-3;;;;;;;;;;;;;;;;;
Ranunculus ficaria;EB 3-5-3;;;;;;;;;;;;;;;;;
Ranunculus montanus;EB 3-5-3;;;;;;;;;;;;;;;;;
Ranunculus repens;EB 3-5-3;;;;;;;;;;;;;;;;;
Rhinanthus minor;EB 3-5-3;;;;;;;;;;;;;;;;;
Rumex acetosa;EB 3-5-3;;;;;;;;;;;3;3;;;;;
Rumex sanguineus;EB 3-5-3;;;;;;;;;;;;;;;;;
Silene alba;EB 3-5-3;;;;;;;;;;;;;;;;;
Silene flos-cuculi;EB 3-5-3;;;;;;;;;;;;;;;;;
Stellaria media;EB 3-5-3;;;;;;;;;;;;;;;;;
Taraxacum officinale;EB 3-5-3;;;;;;;;;;;;;;;;;
Taraxacum sect Ruderalia;EB 3-5-3;;;;;;;;;;;;;;;;;
Thlaspi arvense;EB 3-5-3;;;;;;;;;;;;;;;;;
Tragopodon pratensis;EB 3-5-3;;;;;;;;;;;;;;;;;
Trifolium dubium;EB 3-5-3;;;;;;;;;;;3;5;;;;;
Trifolium incarnatum;EB 3-5-3;;;;;;;;;;;;;;;;;
Trifolium medium;EB 3-5-3;;;;;;;;;;;;;;;;;
Trifolium pratense;EB 3-5-3;;;;;;;;;;;;;3;7;1;;
Trifolium repens;EB 3-5-3;;;;;;;;;;;;;;1;1;2;
Trisetum flavescens;EB 3-5-3;;;;;;;;;;;;;;;15;5;2
Trollius europaeus;EB 3-5-3;;;;;;;;;;;;;;;;;
Veronica arvensis;EB 3-5-3;;;;;;;;;;;;;;;;;
Veronica chamaedrys;EB 3-5-3;;;;;;;;;;;;;;;;;
Veronica filiformis;EB 3-5-3;;;;;;;;;;;;;;;;;
Veronica hederifolia;EB 3-5-3;;;;;;;;;;;;;;;;;
Veronica persica;EB 3-5-3;;;;;;;;;;;;;;;;;
Veronica polita;EB 3-5-3;;;;;;;;;;;;;;;;;
Veronica serpyllifolia;EB 3-5-3;;;;;;;;;;;;;;;;;
Vicia angustifolia;EB 3-5-3;;;;;;;;;;;;;;;;;
Vicia cracca;EB 3-5-3;;;;;;;;;;;;;;;;;
Vicia hirsuta;EB 3-5-3;;;;;;;;;;;;;;;;;
Vicia sepium;EB 3-5-3;;;;;;;;;;;;;;;;;
Vicia tetrasperma;EB 3-5-3;;;;;;;;;;;;;;;;;